video_id,comment_id,author,text,like_count,published_at
Z0iLLCf07uQ,UgxpSY5ROiwbt9Zlv3p4AaABAg,@ohcutedo,"시체에서 방사능 방출되는 것도 놀랍고, 방사능 반감기 긴 것도 놀랍다,,,, 
마리퀴리 잘 몰랐는데 그 업적 너무 대단하시다,,,",390,2024-03-02T20:50:26Z
Z0iLLCf07uQ,UgwD8ZGfGTa-8ZamWF94AaABAg,@mjj0829,그냥 정말 위대한 과학자임. 모든걸 떠나서.,361,2024-02-22T08:03:23Z
Z0iLLCf07uQ,UgzOeAxiOiLmZlykyKR4AaABAg,@tv-sm4ru,"아인슈타인이 명예로인해 더렵혀지지않는 유일한 사람이 퀴리부인이라고 했을만큼 그녀는
금소하고 소박한 삶을 살았다
라듐의 발견으로 특허를 냈다면
천문학적 돈을 벌었을건데도
원소는 만인의 것이라고 하지않앗고
노벨상을 아기장난감으로 가지고 놀게 할만큼
명예욕같은건 존재하지도 않앗다
어줍찮은 상쪼가리에 우쭐해
하는 삼류과학자들은 
깊이 반성하고 본받아야할 사람이다",480,2024-02-22T08:11:00Z
Z0iLLCf07uQ,UgxAXBtp-6QTaGku1N94AaABAg,@rachsuh,어우 출연자 욕좀 그만해라 왜 그걸 대놓고 이야기 해서 상처 주는데? 연예인이나 공인은 그냥 욕 먹어도 되는 사람이냐? 제발 예의 좀 갖추고 이야기하자,38,2025-03-29T13:21:47Z
Z0iLLCf07uQ,UgzSl3tjkgBeNZLiqTJ4AaABAg,@waizp5405,"이혜성님은 전 아나운서 답게 진행도 잘 하시고 깔끔하게 정리해줘서 보기 편해요. 교양 프로그램이 지루하고 무거워질 수 있는데 은지원, 조규현 두 분이 분위기 띄워줘서 재미도 챙겼구요. 진행자들 포지션 밸런스가 꽤 괜찮다고 생각해요...!",944,2024-02-09T06:56:13Z
Z0iLLCf07uQ,UgzyBWIWpWgCMNusUvh4AaABAg,@Coco_nara,"교수님 목소리도 좋으시고, 설명도 물 흐르듯이 정말 잘 들었습니다. 한시간 훌쩍 넘어갔네요. 마리퀴리 학자에 대해서 좀 더 알게 되었어요. 정말 존경스런 분이네요. 감사합니다.",361,2024-02-12T15:13:22Z
Z0iLLCf07uQ,Ugx3rs5bfpEieTCBVMl4AaABAg,@skfkekkdskfkd8748,충분히 상 받으실 만한 가치가 충분한 분.. 자기 몸을 갈아서 평생을 방사능 연구를 해오신 분. 그덕에 의학계에서 엄청난 혜택을 입어 지금도 많은 생명을 구하고 계신분.. 역사가 기억해야 한다고 봅니다.,52,2024-04-20T19:14:14Z
Z0iLLCf07uQ,UgywiWRTM3wm6q30UKt4AaABAg,@상국독이,와근데 난 퀴리부인 집안이 노벨상 6개나 받았다는거 오늘 알았다 퀴리부인이시여 미안하오,139,2024-02-09T12:26:03Z
Z0iLLCf07uQ,UgziMvLg4sOwRd6SC-54AaABAg,@Abc064gsdwq3,어릴때 퀴리부인 글 읽고 울었음... 결국 자기 몸을 희생시키면서...,322,2024-02-17T21:55:40Z
Z0iLLCf07uQ,UgwEjT6thFzr3xxKEk54AaABAg,@handmade747,은지원 가식 없고 솔직해서 너무 좋아 ㅋㅋㅋㅋ 이런 캐릭터 쭉 유지해주길!,8,2025-08-21T01:05:19Z
Z0iLLCf07uQ,Ugx03gFbm-94qcaQ4n14AaABAg,@jennylovemexico,재밌기만한데 여기 악플 왜케 많지.. 지원 규현 완젼 팬인데.. 헤성도 귀엽고 이 셋 조합 넘나 조은데 😢,80,2024-04-19T14:03:18Z
Z0iLLCf07uQ,Ugw_RO23oBzk41a4ZWh4AaABAg,@hyeon8046,저 정도면 노력해서 천재가 된 게 아니라 천재가 노력한 거네...집안이 천재 유전자네. 노벨상 6개....마리퀴리가 폴란드인인데 왜 프랑스 화폐에? 검색해보니 국적이 프랑스네....바꿨구나...역시 아빠가 과학자에 가문 유전자가 좋네,372,2024-03-01T22:44:43Z
Z0iLLCf07uQ,UgyBzzSyXCW8WVyF7cJ4AaABAg,@nicelady3252,라듐의 부작용으로 턱뼈가 없어진 장면 너무 끔찍하네요~,185,2024-02-12T01:31:16Z
Z0iLLCf07uQ,UgxdSgENnIWkrHyJtJh4AaABAg,@푸롱바,"벌세는 그냥 이 멤버 그대로 쭉 갑시다 
그냥 맘 편히 듣기에 너어무 좋다요
정보 피식웃음 다 주심 특히 은규 커플 ㅎㅎㅎㅎ",41,2024-07-25T11:56:43Z
Z0iLLCf07uQ,Ugy8-3e4dDQ4qneGekJ4AaABAg,@1358-j1b,마리 퀴리를 억압하는 말들이 한 세기가 지난 지금에도 들리네요,28,2024-10-18T05:22:42Z
Z0iLLCf07uQ,Ugx30raJSWTWBezmlyN4AaABAg,@user-vf1yt1vx5d,안녕하세요 도덕 선플 달기 챌린지를 하고 있는 중학생입니다. 마리 퀴리의 과학에서의 업적뿐만이 아닌 마리 퀴리라는 사람의 인생을 재밌게 설명하셔서 이해가 잘 되었습니다. 감사합니다.,48,2024-04-10T00:33:27Z
Z0iLLCf07uQ,UgxMYAwKwU5p9gSLYE14AaABAg,@jkjk8866,"햐 진짜 대단하네요 
역시 유전자의 힘은 무시 못합니다 ㅎㄷㄷ",40,2024-03-03T14:07:22Z
Z0iLLCf07uQ,UgxxRxd-kYoaFjNmncp4AaABAg,@가을맘-n9n,"타고난 팔자다...
누가 시켜서 되는 일도 아니다",54,2024-02-19T19:20:32Z
Z0iLLCf07uQ,Ugw9p_xHKL5GORsCrIV4AaABAg,@맨수리,초등학교 교과서에 나온 퀴리부인 어린시절 학교에 온 러시아 장학사 앞에서 러시아 왕조이름을 줄줄이 외우던  모습이 생각납니다,18,2024-02-29T13:37:13Z
Z0iLLCf07uQ,UgybxVCJTW9vcWVa0cF4AaABAg,@염천교,"원래도 머리 잘돌아가는 천재가 공부하다 몇번씩 과로로 혼절할정도로 공부에 매진했으니 
일반인이 감히 그 영역에 범접할수 있을리가 없지
보통사람이 아님...퀴리부인....",52,2024-05-18T16:05:23Z
Z0iLLCf07uQ,Ugwg-tlbpfspPfUYPc94AaABAg,@미스터-d4p,마리퀴리님부터 현손까지 대단하다,8,2024-04-12T09:25:54Z
Z0iLLCf07uQ,UgyqBrhRxCzdeNwFFkl4AaABAg,@J흑곰,10:52 은지원 표정 = 내 표정,14,2025-01-05T06:52:55Z
Z0iLLCf07uQ,UgzVvqZOP7gP-Lp_eaZ4AaABAg,@ivwhjsusvw967,정말 대단하네요,51,2024-02-15T12:44:14Z
Z0iLLCf07uQ,UgxjPMIKciVobYmCAP14AaABAg,@너의햇볕에,"여기 패널들 너무 좋아 은지원, 이혜성 둘다 자기역할 너무 잘해요! 화이팅!",39,2024-03-09T11:40:08Z
Z0iLLCf07uQ,UgyNgzx1hA1AIsWBUJJ4AaABAg,@napperracoon9608,지금까지도 마리퀴리가 아니라 퀴리 부인이라고 불리는거보면 아직도 인식이 더 바뀌어야 한다...,83,2024-06-25T15:39:01Z
Z0iLLCf07uQ,Ugyzn-qXGE7xQGXgqxh4AaABAg,@user-nonamebutexist,평범한 여성 과학자 조차 찾기 힘든 시대였는데 노벨상 2번 씹어먹은거면 ㄹㅇ 갱스터네,45,2024-05-19T03:14:47Z
Z0iLLCf07uQ,UgxXUXt-LZ1XGUuGST54AaABAg,@이솜-e7h,와 멋있다..,10,2024-02-28T19:44:38Z
Z0iLLCf07uQ,Ugw2mVBhWStj5HZbwIx4AaABAg,@hya2783,재밌는강의 감사합니다 어쩌다가 보게됐는데 홀린듯이 다봤네요 정말 대단한 여성,1,2025-12-12T20:44:19Z
Z0iLLCf07uQ,UgwbVgtS5bLOkVu_YKV4AaABAg,@light_1986,"뮤지컬 보러 가기 전에 보러 왔어요
유익한 영상 감사합니다",35,2024-02-17T05:39:19Z
Z0iLLCf07uQ,Ugy8kaTM8UyvErTt5yN4AaABAg,@강미애-u3y,아인슈타인은 아내의 공적을 빼앗고 버렸는데 마리는 남편도 멋진듯,42,2024-03-08T11:06:50Z
uQLK4dghNuA,UgwN6aCtAVczp6fbyn94AaABAg,@18-jo5qt,퀴리부인의 이름을 찾아줘야 한다는 말에 감동받았어요 마리 퀴리,91,2025-09-11T01:05:58Z
uQLK4dghNuA,UgytPMM1UtF82ApeWP14AaABAg,@light4soo,정보 : 아인슈타인은 최악의 사생활을 지녔다,41,2025-09-11T02:53:39Z
uQLK4dghNuA,Ugx9L7An4md9xFsZBsF4AaABAg,@bell8900,우리가 몰랐던 마리퀴리의 인생을 셀럽병사의 비밀에서 만날 수 있어서 좋았습니다,23,2025-09-11T12:07:57Z
uQLK4dghNuA,UgzqkERPzCFvKws3WX54AaABAg,@lee7634,마리퀴리를 다시 알게됐네요. 알찬방송 셀럽병사의비밀 많은 시청 바랍니당^^,35,2025-09-11T01:09:59Z
uQLK4dghNuA,Ugwcw67iDWx2zZhssc14AaABAg,@프리지아향기-w4j,시간가는줄 모르고 마리퀴리에 몰입했어요,24,2025-09-11T11:51:44Z
uQLK4dghNuA,Ugz3G0bSZGHGOt-BYlp4AaABAg,@user-ts3ve8yq3d,남성 위인들 보면 불륜은 그저 호탕한 남자 취급이 끝이던데 마리는 노벨상을 두번이나 받아도 스캔들에 초점이 맞춰지는걸 보면 씁쓸하네요. 마리 퀴리가 노벨상을 2번 받은줄은 몰랐는데 영상 덕분에 잘 알아갑니다.,18,2025-09-20T13:33:16Z
uQLK4dghNuA,UgyE-n_3wOKKe-S2wIx4AaABAg,@제니-y5f,셀럽병사의 비밀 퀴리부인의 치열한 삶이 후대에 큰영향을   주셔서 넘 감사하네요 ❤❤❤,5,2025-09-14T11:58:15Z
uQLK4dghNuA,UgypKIJiWxp7mZYz2f94AaABAg,@hannastaszak1684,"Pani Maria nazywała się Skłodowska  - Curie, była Polką.  Pierwiastek POLON nazwała na cześć swojej ojczyzny Polski ❤",9,2025-09-15T16:27:23Z
uQLK4dghNuA,UgzwmeQ75tzESrSxS1x4AaABAg,@박정하-d8m,무에서 유를 만들어냈던 과학을 너무나 사랑했던 궁금해서 과학을 했던 보기드문 아름다운 여성 마리 스콜로도프스카를 존경하게 되었어요~~^^♡♡,5,2025-09-14T06:19:11Z
uQLK4dghNuA,UgzNvvR3esr7pl-agpF4AaABAg,@진저릴리-u4f,셀럽병사의비밀 스털링 몰입도 대단해요  푹~~ 빠져서 시청했습니다,25,2025-09-11T01:19:33Z
uQLK4dghNuA,UgygUZ9MgIaJxfgwzY94AaABAg,@참좋은날-w7q,주마다 다른 셀럽 들의 인생사 응원합니다,26,2025-09-11T02:05:26Z
uQLK4dghNuA,UgwtuSCX3Gid91sDjDN4AaABAg,@Taisun0901,천재중의 천재,3,2026-01-04T12:02:13Z
uQLK4dghNuA,UgyTeDdSlbagsd394IR4AaABAg,@경주이가-t9y,제가 제작진에게 추천한 디에고 마라도나 와  펠레 편 해주세요 그리고 메시 vs 펠레 vs 마라도나 도 하셨으면,5,2025-09-12T14:51:28Z
uQLK4dghNuA,UgwymcLVdl5gVpgUhzR4AaABAg,@hannastaszak1684,"Maria Skłodowska  - Curie urodziła się I wychowała w Polsce, na studia wyjechała do Francji. Była geniuszem,  w 8 lat 2 Nagrody Nobla z fizyki I chemii.",4,2025-09-15T16:26:34Z
uQLK4dghNuA,UgyXXIV7-9BFepTODSV4AaABAg,@esther09-u5c,신이 주신 위대한 발견인데 핵폭탄에 쓰이고 있으니 선을 악으로 바꾼것이네요,1,2026-05-08T10:21:20Z
uQLK4dghNuA,UgwY7TKyhkXTevcg2lp4AaABAg,@도하0720,타캐릭밸패 누락이랑 메타 에테무기 내구도 감소 두가지만 빼면 어느정도 수긍 가능함. 방패는 무자본에선 영혼 대신 광채(고서에 제작가능)로 어느정도 커버하다 메피로 넘기면 되고,2,2026-04-12T05:05:17Z
uQLK4dghNuA,UgwEWE5Y1BLRB8VWR4d4AaABAg,@김형준-d3y,폴로늄을 피에르와 같이 발견하고 피어르 사후에 퀴리 혼자 라듐을 발건한거 아닌가요?,1,2026-05-17T08:02:49Z
uQLK4dghNuA,UgyEGpReMB4jqaeJ6bx4AaABAg,@소나무-v7n1j,셀럽은  엠씨들이 텔러의 중심되어 양쪽 의견으로  구분되던때가 더 긴장감있고 몰입도가 높아져요,12,2025-09-11T11:48:56Z
uQLK4dghNuA,UgyWYlyzyZgr_I6-RM14AaABAg,@earlgrey9206,이번 셀럽 내용은 다큐 교양 느낌이 강했어요 😅 시청자들이 더 관심 가질 인물로 선정해도 좋을듯요,14,2025-09-11T14:03:01Z
uQLK4dghNuA,Ugwpa32Y2aIkAnqJGgB4AaABAg,@wow4596,남자든 여자든 불륜은 잘못이 맞지,2,2025-12-02T17:35:46Z
uQLK4dghNuA,Ugw0_67jj3RN-YV0Bwd4AaABAg,@숨결-v2f,"도시가스 밸브 휴즈콕 스위치 중앙에 있는 빛나는 십자 나사 부분에서 가스가 미세하게 새는 테러를 인지하고 방송된다면 여러분은 나라를 구하는 위인이 되실겁니다. 치아가 아프거나 통증이 간헐적으로 발생하고 수면장애, 불면증이 생기면 반드시 나사를 드라이버를 사용해 시계방향으로 잠그세요.",7,2025-09-13T07:01:02Z
uQLK4dghNuA,Ugw8xcraPqHaVpOv3ZB4AaABAg,@user-or4wh1yi1q,"도대체 뭐가 너무하다는거야?
팩트는 불륜을 저질렀다는 거잖아?",1,2026-01-06T11:08:53Z
uQLK4dghNuA,UgwLFdZrcsS2oDjelMN4AaABAg,@김치찐빵,옥의 티다 정말 ㅋㅋㅋㅋㅋㅋ 발음이며 노래며,2,2026-02-09T05:28:42Z
uQLK4dghNuA,UgzxTL4ajiI9bS_uGaV4AaABAg,@굿보이-e3g,옥주현 발음 세는거 같다,5,2025-11-11T15:18:02Z
uQLK4dghNuA,UgwP_uXNviuvyc-ZlMR4AaABAg,@mins1215,옥주현...소속사 신고도 안해놓고 정의로운 척... 그거 범죄야...,10,2025-09-11T05:09:25Z
uQLK4dghNuA,Ugxtc2gv2IKc7lWDjQl4AaABAg,@meanmouse,더 보고 싶은데 옥주현때문에 못보겠다 😭,8,2025-09-12T15:59:49Z
uQLK4dghNuA,UgxfGikedpd_Zba1Ms94AaABAg,@버섯돌이-y4s,옥주현이었음?  누구지?했는데 ㅎㄷㄷ,2,2025-09-23T07:21:58Z
uQLK4dghNuA,Ugz4HU0gDmFMWTTR-Dp4AaABAg,@ksmessahe,"옥주현씨 경찰고발 단계인데 공영방송이 이렇게 오늘 방송 올리는게 말이되나? 정신좀 차리자  [기사]옥주현, 소속사 미등록 불법 운영 의혹…형사 처벌 대상",34,2025-09-10T23:38:38Z
uQLK4dghNuA,UgzTqyMSpem5kv6vSWB4AaABAg,@어쩌라구-s6u,참 한결같이 싫으네,3,2025-12-21T21:15:45Z
uQLK4dghNuA,UgzrTcwNDitjsg0VSDB4AaABAg,@natalielee8981,옥주현은 나오지마라. 태도가 왜저래,6,2025-09-12T03:51:27Z
oO5_Vq0shGQ,Ugxlrvyyb_LHjDu9dS94AaABAg,@白憬,일평생 방사는 쬔 것 치고는 예순 넘긴 거 보면 머리뿐만 아니라 피지컬도 인외수준인디,52,2024-04-21T12:09:27Z
oO5_Vq0shGQ,UgydObUDB3yd6yP97Dh4AaABAg,@이은이-j4q,"불쌍한 퀴리부인. 남편이군요
시신은안썩는거네?? 더불쌍하네~ㅠㅠ",3,2024-03-30T00:12:43Z
oO5_Vq0shGQ,UgxKIO8ouT9AZUVjPTt4AaABAg,@닉네임-y3n,노트 사진찍어두면안되는거야? 왜매번열람해 사진찍어서 전송하고 사진기는폐기하면되는데,6,2024-04-19T08:16:24Z
sEIXAhQgpnw,Ugxw9eyOFSs__fydjrl4AaABAg,@쥬이-r3g,"퀴리 부인이 아니라, 마리 퀴리임.",12,2025-11-16T09:47:56Z
sEIXAhQgpnw,UgxH4x8AdS4Ek3Wu8sx4AaABAg,@phillipyeo6104,스스로 인체실험 ㅠㅠ 고맙습니다 덕분에 많은걸 누려요,6,2025-09-23T08:14:15Z
sEIXAhQgpnw,Ugx-D68xT2Cl4hBcwx14AaABAg,@새쩌,근데 저때 맛이란게 있었어서...맛도 봤을 가능성이 큼ㅜㅜ,10,2025-09-22T23:52:46Z
sEIXAhQgpnw,UgzW0NbBxXAlpSDEvHZ4AaABAg,@벌써금연3968일째,"뭐 인간의 역사 자체가 피로 쓰여진건데 단순히
화학만을 따로 놓기도 뭐하긴 함
대부분의 분야에서 인간의 피로 성장 안한 분야가
없음",4,2025-09-30T11:12:23Z
sEIXAhQgpnw,UgwqkxyYmKRqgRrVtNl4AaABAg,@엘더스크롤,"근데 그당시 수명 고려했을 때 딱히 엄청 단명했다거나 한 건 아님 ㅋㅋㅋㅋ 
유전자에 장수 유전자가 있었던건지 ㅋㅋㅋㅋㅋㅋㅋ 자식이랑 형제자매였나 다 되게 오래 살았음 ㅋㅋ 방사능 너프 받고도 보통 사람처럼 살다 감",11,2025-09-22T13:00:10Z
sEIXAhQgpnw,UgzUeFdtgvz6npnnPPF4AaABAg,@쎄리뽀사,근데 집안이 다 오래살았다 ㄷㄷ,0,2026-01-11T17:02:05Z
TGmYaSQuOus,UgzdBXnxsUHoZBwZfIx4AaABAg,@진저릴리-u4f,셀럽병사의비밀 몰입도 가 최고 👍정말  지식이  업뎃 는 것  같아요  감동받았습니다  다음주 도 본방사수  하겠습니다 ❤❤❤❤❤❤❤❤❤❤,18,2025-09-11T01:53:57Z
TGmYaSQuOus,Ugys4Bsc7g1wU6woUf94AaABAg,@참좋은날-w7q,셀럽병사 응원합니다,29,2025-09-10T12:27:09Z
TGmYaSQuOus,UgyyKEIS2alnL2_nrDZ4AaABAg,@영-d8w,"학생때 시험치던 귀리부인 
셀럽병사의비밀  에서 들으니 반갑기도하고 많은걸 배우네요 고맙습니다",22,2025-09-10T14:00:52Z
TGmYaSQuOus,UgzHdwPbMzmywHchKYh4AaABAg,@bgh9890-f7r,"두분의 뜻이 통했네
셀럽병사의비밀 최고 
응원할께요",18,2025-09-11T07:24:38Z
TGmYaSQuOus,UgyLl8-LnzOlmju5bFx4AaABAg,@미영이-f1m,찬원님 덕분에 셀럽병사의 비밀 너무너무 잘보고 있어요,33,2025-09-10T11:59:29Z
TGmYaSQuOus,UgyH5gEDVDWUL1uqHwR4AaABAg,@바랑-k5z,셀럽병사 비밀  고품격 유익한 프로그램  잘 보고 갑니다. 오내언사 💖💖💖,25,2025-09-10T17:32:15Z
TGmYaSQuOus,UgwEkn9QIiL7uwX_lz94AaABAg,@rose0314-r,"최고의 만남 이네요
셀럽병사의비밀 빠져들어요",20,2025-09-11T00:07:03Z
TGmYaSQuOus,UgyqKRYtF09a91fQKP94AaABAg,@정단호박,셀럽 병사의 비밀  정말유익한 프로그램 인것같다   많은분들이 꼭 시청하면 좋을것같다,21,2025-09-10T23:56:10Z
TGmYaSQuOus,UgzDqb3TfWJSxzkwPn94AaABAg,@sera-sc1oj,정말 유익했어요  마리퀴리 많이 들어봤어도 이번에 제대로 알았죠,19,2025-09-11T00:09:27Z
TGmYaSQuOus,UgyJJkTlBy6DNJNiFVV4AaABAg,@강건-d4j,요즘 이런방송 꼭 필요해요,11,2025-09-11T19:59:24Z
TGmYaSQuOus,Ugxu5HaQTXVV3F4I3VV4AaABAg,@은뚝,역사 인물에 대해 집중하며 보게 되네요.,24,2025-09-10T14:03:43Z
TGmYaSQuOus,UgyjTMdS_hHhrQRTkbF4AaABAg,@프리지아향기-w4j,너무 재밌다  셀럽병사의 비밀 정말 좋은 프로네,13,2025-09-11T12:47:06Z
TGmYaSQuOus,UgyiNjB2Y3pBvah2yuB4AaABAg,@김종애-y3c,셀럽병사의 비밀 오내언사,23,2025-09-10T13:23:34Z
TGmYaSQuOus,UgyVlzwp-bzzwLV4gvt4AaABAg,@슬기로운찬스생활,셀럽 병사를 통해 유익한 소식&정보들을 알아갑니다^^,15,2025-09-11T05:52:19Z
TGmYaSQuOus,UgywLwbhitIOi2jLBph4AaABAg,@graceful8935,이찬원 연기 잘하네 ㅋㅋㅋ,12,2025-09-11T14:17:22Z
TGmYaSQuOus,Ugz8AuuANUq1_AmQ-SZ4AaABAg,@탄탄-q9v,"이찬원 
셀럽병사 의비밀 
의학 스토리텔링 어디서도 보지못한 유익한 프로그램 흥미진진 과몰입 되네요 .
다음 본방 기다립니다.
참 좋은날 들 건강하시고 행복하세요.
 오ㆍ내ㆍ언ㆍ사",8,2025-09-12T14:42:17Z
TGmYaSQuOus,UgxNWun3gBKRXn5kpRZ4AaABAg,@susanchoi160,"피에르 퀴리와 마리가 나누는 대화 완전 부럽네 
난 문과쪽 머리라 ㅋㅋㅋㅋ",4,2025-09-15T02:37:15Z
TGmYaSQuOus,UgxKGzNSInCq8RizSi14AaABAg,@미진-g8j,"울찬원님 ✨️ 덕분에 
셀럽 병사의 비밀 🎉 
과몰입 하며  봤어요 
유익한프로 너무좋아요 
응원합니다 ❤❤❤",1,2025-11-08T05:49:18Z
TGmYaSQuOus,UgzTO3fuLb4shK3ob_x4AaABAg,@jysgida,마리퀴리 여사 아버지가 물리학과학선생님이네 어머니는  주부이고  대단하다 👍 하나로도 대단한위인이 나오는구나,1,2025-09-19T06:50:42Z
TGmYaSQuOus,UgyCO9mWACW8Q0J6IIV4AaABAg,@susanchoi160,나 이거 올라온걸 왜 몰랐지? 아까비,4,2025-09-15T02:34:02Z
TGmYaSQuOus,UgxpCy2u6Xb9nnF8Xld4AaABAg,@p_pw_01,옥주현 너무 작위적이라 보기 힘들다...,8,2025-09-12T02:58:07Z
TGmYaSQuOus,UgzVUK0BaF7uvNh3lnB4AaABAg,@오순박,피에르 퀴리에 대해서도 처음 알았네요.너무 헌신적인 남편덕에 노벨상을 두개나 받지 않았을까 싶네요.,29,2025-09-10T12:08:31Z
TGmYaSQuOus,UgxW3FaVDZtk52UkQDR4AaABAg,@to-bh2yq,"4살 때 재빈을 진단받고 매주, 매달 수혈로 연명했는데 외국인 친구가 마리 퀴리가 재빈이었다는 걸 알려줘 알았어요. 제가 진단 당시 고향 마을에서 제 또래의 아이들이 자반중, 백혈병으로 사망을 했는데 한 20년 후 네이버 옛날뉴스에 고향을 검색했더니 전국구 신문에 양은공장에서 만경강에 폐수를 버려 지하수를 먹는 그 일대의 사람들에게 치아가 검게 변하는 질환이 생겼다는 뉴스가 나왔어요. 

그래서 어른은 치아변색이지만 아이들은 골수에 영향을 줘 혈액질환이 생긴 것 같다고 추정했죠. 당시 마을 이장이셨던 사돈어른이 이장 회의에 가면 마을마다 아이들이 죽어나간다는 소식을 많아 들어 지하수때문이라고 짐작해 상수도가 그 마을에 들어올 때 가장 첫번째로 신청하셨다더라요.",0,2025-10-24T14:32:16Z
TGmYaSQuOus,UgxVPXhhpuf7sRAkC794AaABAg,@이효영-f3q,옥주발 땜에 보기싫어진다.  작위적이고,1,2026-02-27T17:51:02Z
TGmYaSQuOus,UgyozGdhzfwQWUyCcip4AaABAg,@itzkitty2013,옥주현씨 발음이 왜그래요?,4,2025-09-14T22:57:33Z
N9-OqBu-jO8,Ugwar4vKJm29okk-m7N4AaABAg,@au79ag47,그렇다면 방호복을 입을 게 아니라 퀴리부인이 왜 멀쩡했는지를 연구해야 되지 않을까.,1402,2023-02-19T16:35:57Z
N9-OqBu-jO8,UgzGs6irjpxaZhhzqT94AaABAg,@gramoxone4618,어쩐지 책만 펴면 잠이 쏟아지더라,634,2023-02-19T07:27:20Z
N9-OqBu-jO8,UgzHpKUmDx74WbufSWt4AaABAg,@comajun96,ㄹㅇ 데스노트잖어,396,2023-02-19T13:12:58Z
N9-OqBu-jO8,Ugygbrk_lTsd1jlbnFh4AaABAg,@Ronova_ruler-of-death-pyro,"방사능이 많이 날라가서 이제는 그냥 죽지는 않고 구토, 설사등에 걸릴수 있다고 하네요",306,2023-02-20T23:53:26Z
N9-OqBu-jO8,Ugzz7Gz3Qb06Uyv-yBx4AaABAg,@백냥쿤,퀴리 부인역시 63세의 나이로 방사능에 의한 백혈병으로 사망했다 했네요,29,2023-06-01T02:39:06Z
N9-OqBu-jO8,UgwW_4548XkvZkwO5x54AaABAg,@Harusal2-p1o,모렐로노미콘 폼 미쳤다,388,2023-02-19T07:08:24Z
N9-OqBu-jO8,Ugxmzuj6Il2noKeLrhF4AaABAg,@꿍치-w6j,진정한 의미의 금서다..!,37,2023-06-19T20:53:15Z
N9-OqBu-jO8,Ugxzxe6kB6qmtih6ngJ4AaABAg,@tv-sq4cq,지금까지 공부를 하면안돼는 이유였습니다,11,2023-04-16T06:40:11Z
N9-OqBu-jO8,UgwHShrY7hRYZCif_zt4AaABAg,@sandcookie,의자 등받이 위 손잡이랑 방문 나무손잡이도 마찬가지라고 하네요,9,2023-06-03T10:52:48Z
N9-OqBu-jO8,Ugx9SD01_IzDzc-fyEN4AaABAg,@jjaminuibitbaraJJang,방사능땨문에 죽지 않는다고 해도 책내용을 이해하다 과부하가와서 죽을수도 잇음,3,2025-08-14T07:32:07Z
N9-OqBu-jO8,UgymQgjxEr-i--nAEZd4AaABAg,@효정-s3v,"고,대딩들은 책만잡으면 잠 오고 머리 아프다는데 이래서  그런거군",4,2023-05-21T14:04:08Z
N9-OqBu-jO8,UgxRDS6ETBzIFW_7Sot4AaABAg,@소주좋아-i1s,화학물질 좋아하는 친구한테 선물해야겠당~,2,2024-07-06T12:46:43Z
N9-OqBu-jO8,Ugxu2da898N5Pxf0Hmd4AaABAg,@노아_noah10,이게 찐 데스노트네.,1,2023-08-10T07:12:04Z
N9-OqBu-jO8,UgwL_caXZijeAMJGdTR4AaABAg,@leein121212,진짜 데스노트,1,2023-07-19T05:30:40Z
N9-OqBu-jO8,UgyE6i25KhdVmNHqXh14AaABAg,@chocolate_YT0,퀴리부인 폼 미텻다,2,2023-02-19T08:48:01Z
N9-OqBu-jO8,UgxaKRh09QuzrTWUklN4AaABAg,@noway409,생존력 저 정도면 사실 바퀴리부인...,78,2023-02-20T01:01:34Z
N9-OqBu-jO8,UgwiOv-q83QqJmiSNuh4AaABAg,@Hoyapop,퀴리부인도 테슬러처럼 금성인인가? 어떻게 방사능 속에서 살 수가 있지?,4,2023-02-20T09:26:25Z
N9-OqBu-jO8,UgxtFUVQ5yHxi-dJYQJ4AaABAg,@chsisoflwlspx,그래서 내가 공부를 싫어하는거야,1,2023-07-30T05:01:23Z
N9-OqBu-jO8,UgymUauFViP0Sq4uLDV4AaABAg,@마쉬멜로우-q5b,이것이 진짜 데스노트,0,2023-08-07T04:46:02Z
N9-OqBu-jO8,UgzZMx73ezrUT4eXIih4AaABAg,@박준명-f4h,데스노트가 실존 했네,0,2026-03-02T03:47:49Z
N9-OqBu-jO8,UgwAvCx7sUWZ1ixbMJR4AaABAg,@what-are-you-doing_bro,우리는 이것을 '데스노트'라고 부르기로 했습니다.,0,2023-07-07T14:09:17Z
N9-OqBu-jO8,UgwAPxdkOZ6sy4LCdDd4AaABAg,@three-legged-octopus,진정한 데스노트,0,2023-08-28T10:40:19Z
N9-OqBu-jO8,UgwFclIPJPnGDiUnnNZ4AaABAg,@박금숙-r8f,마도서가 진짜 있었네 ㄷㄷ,0,2023-07-07T23:30:34Z
N9-OqBu-jO8,UgzoJuAKUR0YahaDOst4AaABAg,@job것,그냥 복사 본 만들면 안돼나요?,0,2023-08-02T04:38:53Z
N9-OqBu-jO8,Ugz_Bj7WO-F169gykml4AaABAg,@Bagon-anime,진정한 의미의 데스노트,0,2024-07-19T10:06:07Z
N9-OqBu-jO8,UgyZ2YbwFh-sx4AdPml4AaABAg,@hae_sanmul_youtube,??:오로라! ??:라듐,0,2023-06-02T10:56:04Z
N9-OqBu-jO8,UgzB0DMpfvirF7dPFL14AaABAg,@초파리-x1b,ㄹㅇ데스노트네,0,2023-06-24T08:59:20Z
N9-OqBu-jO8,UgxcXzCTq7BPDLl6oe54AaABAg,@삼식이samsic,저정도면 중독아니냐...ㄷㄷ,0,2024-07-27T09:17:12Z
N9-OqBu-jO8,UgzvTwq8TeBtIx2vhYR4AaABAg,@cjw4312,저이거 책으로 위대한 실험자 어쨌든 책으로읽음요,0,2023-03-18T01:30:58Z
N9-OqBu-jO8,UgxODH-Op-ocsVi3L4Z4AaABAg,@ABCnej8,연구일지는 상대방 이름쓰면 죽는 데스노트 투척용이네,0,2023-08-29T01:45:29Z
HCASqpTJpk4,UgykNCyptoclNiTl1TF4AaABAg,@GuGuGuGu,대여 말고 구매도 해주세요 ㅠ,12,2021-01-20T12:50:23Z
HCASqpTJpk4,UgzQLFsr60sbvZp1hr54AaABAg,@아무개-c8z,50분 더 봐야 되는데 ㅠㅠ,1,2025-05-29T18:05:05Z
HCASqpTJpk4,UgxaCJauARBFms6SYrB4AaABAg,@sunghyunkim319,구매하고 싶습니다.,3,2021-08-07T11:08:32Z
HCASqpTJpk4,UgwnZMy34JlvAXdWp_J4AaABAg,@이현용-n3q,프랑스의 자랑 . 학계의 이너써클안에는 없어서 처음에는 무시 받았다고 함.,4,2022-04-29T12:01:49Z
HCASqpTJpk4,UgweanZ_sVtJ0Xnom894AaABAg,@kke3081,❤,1,2023-01-04T05:38:34Z
HCASqpTJpk4,Ugxkgqw5dvNy_1Zod_Z4AaABAg,@mi333,대여했는데 화면이 열리지 않고 빙글빙글 돌고만 있어요...ㅠㅠ 어쩌죠/,0,2023-12-16T14:51:36Z
HCASqpTJpk4,Ugx3kL-mQa2I_VBrpH94AaABAg,@Jacksim_HARU,구매는 왜 안되는건가요ㅠㅠ,0,2024-12-14T15:46:44Z
qdbwyenGMVQ,UgxDXRNOA5W9JpMssgV4AaABAg,@이나리-k7i,셀럽병사의비밀 잘봤습니다,7,2025-09-11T22:13:12Z
qdbwyenGMVQ,UgxolOnykIgZY3LzuX14AaABAg,@찬또만좋아,셀럽병사의비밀 시청하며 많이 배웁니다. 이찬원 응원합니다.,10,2025-09-11T13:53:39Z
qdbwyenGMVQ,UgxAldsz6iGU0mZKN2B4AaABAg,@박정숙-y6b,이찬원 님 홧팅!! ❤❤❤,2,2025-09-13T11:38:21Z
qdbwyenGMVQ,Ugy7ltJTWS3StYd3Mx14AaABAg,@지혜-t8k,"셀럽병사의비밀 
엑스레이 찍을때
걱정했는데
보고들어니 좀.안심이되네요",1,2025-09-13T12:51:01Z
uZYqNgbO_hA,UgwT5OhtB-qEuSb4H-p4AaABAg,@lIlIIlIIllIlI,"마리퀴리는 여성이란 타이틀 아니어도 남여 통틀어 노벨상을 두 번이나 수상한 최초의 ""과학자""입니다",77,2025-10-23T17:24:18Z
uZYqNgbO_hA,UgzFl_LDySoBafjuKn54AaABAg,@렌지-x7e,66살도 사실 당시 오래산나이는 맞는데 저 집안 둘째딸/둘째딸의 아들 보면 엄청 장수함 걍 장수유전자임...방사능아니었으면 백살넘게사셨을듯ㅠ,234,2025-05-09T15:12:17Z
uZYqNgbO_hA,Ugy7GSpCWagdyMyaETF4AaABAg,@Summer-o1g,그때 그 사인 너무 좋아요~ 과거로 시간여행 하는 기분이에요~ 많이 만들어주세요~^^ 감사합니다~,92,2025-05-09T09:25:41Z
uZYqNgbO_hA,UgwyJCH3C11fhf6o35Z4AaABAg,@달팽-e8e,진짜 이런 컨텐츠를 만들 수있다는건 박학다식 하시니까 가능....흥미없는 주제를 끝까지 다듣게하는 교슈님....팬이에요ㅠ,133,2025-05-09T11:20:19Z
uZYqNgbO_hA,Ugw5jQjaTvvfnLjzu1F4AaABAg,@Eugene-b1k,혼탁한 유튜브 생태계에 한 줄기 빛 같은 채널입니다 ❤ 그때그사인 콘텐츠 계속 해 주세요~~,41,2025-05-09T14:10:16Z
uZYqNgbO_hA,Ugy17YSjB785K-l7OjJ4AaABAg,@anotherlife8924,"유교수님, 오늘도 감사히 시청했습니다. 언제나 강건하셔서 오래 오래 좋은 강의 부탁드립니다!",36,2025-05-09T10:46:20Z
uZYqNgbO_hA,UgwIj-OPPm1XUcgtOBt4AaABAg,@EugenieS,그때 그 사인 오랜만이에요^^ 마리퀴리~ 어렸을적 위인전에서 읽었던 기억이 나네요.,57,2025-05-09T09:10:57Z
uZYqNgbO_hA,UgyURO-8xEFINGeOCjF4AaABAg,@doublekal,퀴리부인도 남편도 진정한 위인이라고 할 수 있는 분들이었네요.. 어떻게 그렇게 개인의 이익에 초연할 수 있었을까요.. 그 덕분에 인류는 진일보 할 수 있었겠지요.. 몰랐던 사실을 알려주셔서 감사합니다 교수님!,15,2025-07-26T10:48:45Z
uZYqNgbO_hA,Ugy6IS9JLZkOyWBX8Mx4AaABAg,@kimdaihyun7249,서을대에서 신장외과를 담당하셨던 안규리 교수님의 부친께서는 퀴리부인처럼 훌룽한 과학자가 되라고 이름을 그렇게 붙이셨디고 합니다.,10,2025-08-05T11:16:29Z
uZYqNgbO_hA,Ugxw3ye9qr0vUI1P4Bh4AaABAg,@쫀득한버블티,마리퀴리! 란 표현 너무좋습니다 ㅎㅎ 아직도 퀴리부인 이라는거 볼때마다 짜증났는데 진자 좋아요 ㅎㅎ,542,2025-05-09T12:46:52Z
uZYqNgbO_hA,UgxRl4YHUVy7uGM73fZ4AaABAg,@hannastaszak1684,"Pani Maria nazywała się Skłodowska  - Curie, była Polką.  Pierwiastek POLON nazwała na cześć swojej ojczyzny Polski ❤",16,2025-09-15T16:45:08Z
uZYqNgbO_hA,UgzFW7N-xJvBJlaMrP54AaABAg,@ppodoree,데맨톡 너무 재밌어요😆😆 밥친구로도 좋고 그냥 봐도 재밌고 완전 만능입니다!! 오래오래 해주세요💚,18,2025-05-09T12:08:21Z
uZYqNgbO_hA,UgwS-b-IL6NxekRRgF94AaABAg,@미리내2024,정말로 존경하는 과학자입니다 어렸을 적 이분 위인 전기를 읽으며 과학자의 꿈을 가졌는데 새삼 뭉클하네요,23,2025-05-09T10:04:20Z
uZYqNgbO_hA,UgwLQkjNQaz3pEMrV4B4AaABAg,@dlalstjs,벌벗사 ㅋㅋ 벌벗사 팬인데 교수님 나오실때 너무 반가워서 더 집중해서 봤습니다. 다른분들은 나오시면 어디어디 교수라고 소개하시는데 유교수님은 늘 소개도 겸손하셔서 여러모로 정말 배울점이 많은 것 같습니다. 앞으로도 좋은 영상 많이부탁드립니다.,17,2025-06-09T12:16:36Z
uZYqNgbO_hA,Ugy1_dMkDq9q2OotsxF4AaABAg,@은희유-t6d,가슴이 웅장해지는 이야기네요. 감사합니다,10,2025-05-09T11:38:31Z
uZYqNgbO_hA,UgyQgFKY6n4P6bptVuZ4AaABAg,@-woobi,명예에 물들지 않은 유일한 사람이다.,13,2025-05-10T13:43:43Z
uZYqNgbO_hA,UgwtRGUNF3bP0vOCGp54AaABAg,@fifapopular,역시 과학 선생님 부모밑에 대단한 사람이 태어나네,4,2025-08-19T08:47:26Z
uZYqNgbO_hA,Ugx9guKUKVY24BgQwGx4AaABAg,@맷메리,아 넘 재밌네요 ❤ 빠져듭니다^^ 박사님 감사합니다,0,2026-05-22T12:08:33Z
uZYqNgbO_hA,UgziIbmvn_QFEtNJ-Qh4AaABAg,@moo_mins,"역사얘기 인물얘기 의학적지식까지 피카소, 마릴린먼로 등 계속 돌려보고 있었는데 이번 퀴리편도 넘넘 흥미롭네요 😮",7,2025-05-10T06:39:31Z
uZYqNgbO_hA,UgysXfgNSidN_iOmFMd4AaABAg,@woosungryu3176,그 푸틴이 아직도 대통령인 충격적인 사실,22,2025-05-22T14:08:51Z
uZYqNgbO_hA,Ugwhjh2ZWuU5ifrKfll4AaABAg,@pinkkjames9405,"제가 딱 유성호 교수님 보다 10살 많은데요, 유튜브의 많은 영상들을 보면서 거의 90% 정도는 조금만 보다가 재미가 없어서 다른걸 보게 되는데 유 교수님 영상은 언제나 봐도 전혀 지루하지가 않고 끝까지 보게 됩니다.",17,2025-07-31T03:30:46Z
uZYqNgbO_hA,UgwMBUfuAlAAZMGcVd54AaABAg,@holdloves,선생님 늘 너무 잘 보고있어요😊마리퀴리 어렸을때 책으로 많이 보던분인데 오늘 소개해주시니 너무 반갑고 흥미로워요 감사합니다😃,11,2025-05-09T09:23:38Z
uZYqNgbO_hA,UgziCc84Pwi83lAoJgB4AaABAg,@바닐라구름-c8o,"썸네일 좋아요
교수님 진짜 귀엽👍👍👍👍",9,2025-05-09T12:20:26Z
uZYqNgbO_hA,Ugxt31q67I_A7LnMPy54AaABAg,@Soon-v9z,교수님  좋은 지식 알려주셔서 감사합니다.,7,2025-05-09T11:17:20Z
uZYqNgbO_hA,UgzQTihVyn66eAAZ5jd4AaABAg,@user-wq5so8vy7p,교수님~ 너무너무 재밌게 봤습니다. 팬이에요. ㅎㅎ 감사합니다!!,5,2025-05-09T14:06:32Z
uZYqNgbO_hA,UgxKXYmpTcTlH2ABDfJ4AaABAg,@제오르지아,너무 존경합니다.,7,2025-05-09T11:43:40Z
uZYqNgbO_hA,Ugxool5F9JPixp3lZTN4AaABAg,@Gamsahaeyonumnum,머리식힐때 수학과 물리학을.. 우리 교수님 포함 좋은 머리를 가진 분들 너무 부러워요,2,2025-07-27T05:10:05Z
uZYqNgbO_hA,UgzGbaQMnyVZ1hNDMrJ4AaABAg,@kids2215,"그러고보니 여태껏 퀴리부인으로만 알고 마리 퀴리라는 풀네임은 처음 알았다는..;;  정말 훌륭한 분이었네요. 재밌게
잘 들었습니다~",23,2025-05-13T18:20:42Z
uZYqNgbO_hA,UgyNVBxGapX96IedfDZ4AaABAg,@호빵다섯개,내용이 고퀄이라 황송한 마음으로 잘보고있어요~ 교수님 감사합니다^^,4,2025-06-13T22:38:38Z
uZYqNgbO_hA,UgxzfYLUWYJIMfPm13R4AaABAg,@rich456,"참 재미있고 궁금한
옛 과학 이야기를 해
주시네요ㆍ교수님은
좋은분...
재밋게 듣고 갑니다",0,2025-08-16T00:02:27Z
v2ponQA5jvc,Ugx8g0tZeLXaF8tU4YV4AaABAg,@진재종-q1q,"가난하지 않은데요... 그당시 유럽의 1%, 전세계의 0.01% 부자라고 봐야죠.",8,2023-05-15T13:37:25Z
v2ponQA5jvc,Ugwe08iZCJ2rSb6FAop4AaABAg,@nananabananazzz,저렇게 방사능을 다루고도 오랫동안 연구할 수 있던 건 신의 가호가 아닐까?,28,2022-07-11T13:48:15Z
v2ponQA5jvc,UgwSe1Eih_wMFYegiwh4AaABAg,@존우킴1,인류의 천재...,3,2024-07-01T06:03:00Z
v2ponQA5jvc,UgzSm0XONx_HgZXccK54AaABAg,@세기의인물,"0:11 천재 소녀 마리퀴리
1:31 노벨상 최초 2회 수상
3:35 세계대전 중 그녀의 헌신
4:45 노벨상 집안",21,2021-01-24T03:51:42Z
v2ponQA5jvc,UgxRjW3efuAJUwIK8i94AaABAg,@sonnie-tn1mk,나도 정주행 중! 한국인이 좋아하는 속도 ㅋㅋㅋ 깔끔 간결 스피드 맘에 쏙쏙 들어요! 계속 만들어 주세요,10,2022-08-17T04:11:23Z
v2ponQA5jvc,UgyN-3kt2DAw28J1GU14AaABAg,@김형준-d3y,6개라고 합니다~~~둘째사워 평화상까지,2,2024-02-09T11:26:07Z
v2ponQA5jvc,Ugxe_RVzeFvqX04KIVp4AaABAg,@이얏호응-v3x,정말 재밌습니다 어떻게 라듐을 분리했을지 정말 대단하네요 재밌게 들려주셔 감사합니다 하루종일 정주행증이에요!,7,2021-10-10T13:28:45Z
v2ponQA5jvc,UgyLXDRHo1BOfeOaRPJ4AaABAg,@하늘보리-e5p,감동 그 자체입니다~~,17,2021-02-01T09:06:49Z
v2ponQA5jvc,Ugw9gJP5zHY6mpkD-s54AaABAg,@프롬이들수호천사-b3j,대단한 사람이네요 . ..   영상 잘 보고 갑니다~,17,2021-01-24T19:42:23Z
v2ponQA5jvc,Ugz7dttzBN9uES4jeVt4AaABAg,@사랑바라기v,저런 과학자가 우리나라에도 나왔으면 합니다,3,2023-05-16T13:12:58Z
v2ponQA5jvc,UgzxS-GGl2pQ0HFnoQ94AaABAg,@산적-e3y,정말이지 위대한 위인이네요,3,2023-01-24T02:43:56Z
v2ponQA5jvc,Ugz34mPBJjMb0LcV_ft4AaABAg,@lostliferoad,너무 재밌어요 ㅎㅎ,8,2021-02-03T16:43:57Z
v2ponQA5jvc,UgxXUYMzA4MfxOR03XZ4AaABAg,@juranlee466,불꽃처럼 살다 간 여성,2,2024-01-28T15:31:28Z
v2ponQA5jvc,UgyJN729o9gRoiFhptR4AaABAg,@ThunderLunaDuskMom,그런데 어떻게 둘째 딸은 장수할 수 있었는지 궁금하네요... 퀴리부인이 둘째 임신 했을 때만 일을 안했진 않았을거고 같은 같은 집안에 살면서 퀴리부인과 접촉하고 빙사선 관련 물건에도 노출되었을텐데.....,0,2024-06-09T07:06:56Z
v2ponQA5jvc,UgwnlE1ds3qssvbouEh4AaABAg,@leesanghong80,Ci14b,1,2023-09-14T13:50:19Z
v2ponQA5jvc,UgwUN7__BeWhKnjT3_x4AaABAg,@woshilee9823,진짜 멋있다,3,2023-07-15T12:52:20Z
v2ponQA5jvc,UgwTT2-D5TFAwpgtvsd4AaABAg,@adf12aed,여자가 노벨상이라니 이미 저때부터 말세였군,5,2023-04-29T03:13:23Z
lYt9fgd-hPs,Ugx8z2CMxpnO-cXPKLR4AaABAg,@jysgida,마리퀴리 어버지는 수학이 아니고 과학선생님입니다,1,2025-08-19T14:22:13Z
lYt9fgd-hPs,Ugz8FrHa7ijB-4t30x14AaABAg,@김용철-u6m,가수나나!,0,2024-12-24T15:53:29Z
lYt9fgd-hPs,Ugwoh0nBlso_n-630Px4AaABAg,@fifapopular,과학은 수학의 어머니 ㅋㅋㅋ,1,2025-01-01T16:06:45Z
lHM12dlRcKw,UgwsJk0JORDVnhqeqrt4AaABAg,@davidcrowley6216,"마리 퀴리가 똑똑하기도 엄청 똑똑 했고, 매력도 엄청 났었나봄. 어릴때부터 수재로 유명해서 부자 귀족집 가정교사로 들어 갔었는데 그 집 아들하고 사랑에 빠졌었는데, 그때는 똑똑한 여자는 부담스뤄워하고, 가문 좋은 여자 좋아하던 시절이라, 그집에서 마리네 집안이 넘 보잘것 없다고 반대해서  마침 여자도 받아주던 소르본느 대학입학 했다던데...그 귀족집에서 반대해준 덕분에 위대한 여류 과학자가 탄생할수 잇었음~!!!ㅎㅎㅎㅎ",145,2022-03-30T06:37:00Z
lHM12dlRcKw,UgxlXAGK4X4a_I7x7UN4AaABAg,@taehyunkim5195,남자가 깨끗히 이혼하고 마리퀴리를 만났어야지.,98,2022-03-23T11:45:25Z
lHM12dlRcKw,UgxPJ2MUPHL1ffTfjVl4AaABAg,@イチェりチェリー,불륜관계였던 두사람의 후손들이 서로 결혼해서 결국 가족관계가 되었다는 점이 재미있네요ㅋㅋㅋㅋㅋ언론의 괴롭힘에도 할말을 꿋꿋이한 퀴리가 멋있어요;),180,2022-03-19T11:46:54Z
lHM12dlRcKw,UgwoscY4p-4eXrLnk6Z4AaABAg,@holgabunmind_minjoo,저 당시 여자과학자가 단독으로 노벨상을 받는 것을 용납하지 않아서 마리퀴리가 남편과 공동수상해야만 상을 주겠다고 했었답니다. 마리퀴리의 과학적 업적이 없었다면 우리의 삶도 달라졌을거에요. 마리퀴리는 라듐연구때문에 결국 방사능피폭으로 죽어갔다고 하더군요. 여자라는 이유만으로 제대로된 연구실도 없었다는 걸 읽었던 기억이 나네요. 홀로 과학자로서 연구와 아이를 키워내는 일을 해낸 마리퀴리의 삶이 어땠을까.. 생각해보는 시간이었습니다.,407,2022-03-19T13:14:50Z
lHM12dlRcKw,UgyK8Bn9XsI36rEiI5d4AaABAg,@피카-w9k,그래서인지 이브 퀴리는 자기혼자 노벨상 하나 없다고 자기가 집안의 수치라는 농담을 하기도 했답니다,28,2022-04-03T13:36:36Z
lHM12dlRcKw,UgxAVtpXw7EjkfYp8r94AaABAg,@allyseo6581,노벨상이 5개… 후덜덜.. 이집안 뭔가요?,40,2022-03-19T10:09:11Z
lHM12dlRcKw,Ugz86lR1IuJCMEswjr14AaABAg,@mikamiria6538,프랑스가 예전부터 불륜에 관대한 분위기라 불륜보다 아이 낳는 문제에 대해 민감했던 것 같네요,27,2022-05-30T02:23:22Z
lHM12dlRcKw,Ugw1JL9VvF_tpV3EfHV4AaABAg,@이은지-h6m,아니 남편이 죽었으면 불륜이 아니잖아?했더니 랑주뱅이 문제군요..바람날만하긴한데 이혼을 하면 깔끔했을거아니냐고..결국 달리 또 연애하고 애낳고 하는거보면 이도저도아닌 남자랑 만나서 마리만 고생했네요,118,2022-04-02T04:48:35Z
lHM12dlRcKw,UgwhDJUzVplZ-aUGCFd4AaABAg,@AshleyPark01,예나지금이나 프랑스는 외국인과 여자를 싫어했네요,65,2022-03-19T11:17:16Z
lHM12dlRcKw,Ugy6HkeKcu7u2cmiPs14AaABAg,@dawoon2860,"아인슈타인 변호때문에 기억에 남네요
우리 누나는 그럴 미모가 못됩니다 ㅋㅋㅋ",182,2022-03-19T09:18:42Z
lHM12dlRcKw,UgyCN13UYaF4EOoZtsN4AaABAg,@Kimlee-leelee,거참 여자가 불륜 좀 저질렀다고 이래라 저래라.. 떼잉쯧,39,2022-03-21T11:09:02Z
lHM12dlRcKw,UgwM86HpUJNDdhXPu6V4AaABAg,@우주-n4g,"와 근데 퀴리집안 엄청 대단하네요 한 집안에 노벨상이 5개나! 멋진 집안이네요~ 옛날엔 결혼하지 않는게 이상한 시절이니 불륜쯤이야 뭐,, 마리가 너무 유명해서 스캔들이 요란했던 것 같네요~ 남자가 부인이랑 이혼하고 연애햇으면 깔끔했겠지만 옛날시절에 그런게 쉬웠을까 싶네요",15,2022-11-12T14:44:59Z
lHM12dlRcKw,Ugw1t7tlsIW4yJH1bTN4AaABAg,@hannastaszak1684,"Maria SKŁODOWSKA - CURIE była geniuszem, w 8 lat 2 Nagrody Nobla z fizyki i chemii. Ta Polka zrewolucjonizowała radioterapię , jej wynalazki służą ludności ❤",2,2024-04-14T16:57:06Z
lHM12dlRcKw,Ugxtt6xSRBYbrtNIeYR4AaABAg,@abbag329,불륜이긴 한데 심한(?) 욕은 못하겠다~!^^;,13,2022-03-22T14:56:29Z
lHM12dlRcKw,UgxjTLiG2FGguY6L_ZZ4AaABAg,@뱃살공주쌤,"예나 지금이나 선정적인 황색 언론이 문제네요.
그나저나 다시 아내에게 돌아가고 혼외자식까지? ㅎㅎ",45,2022-03-19T13:41:36Z
lHM12dlRcKw,UgxdpvGdUW2BcYwgtkJ4AaABAg,@LeeLeeLee55,기자가 되려면 칼을 잘 써야했나요 ㅋㅋㅋㅋ 오늘도 재미있게 보고 갑니다! 마리 퀴리의 인생이 너무 슬프네요... 저런 일을 겪으면서도 할 말은 하고 업적까지 남긴 모습이 멋있어요.,34,2022-03-22T16:46:54Z
lHM12dlRcKw,UgyV50IMTTrBfZKoCW54AaABAg,@isaacsstudio7341,전기를 딸이써줌. 그게 정말 대단쓰,14,2022-04-20T07:22:56Z
lHM12dlRcKw,Ugx0Wes74q_Cfz0eWwx4AaABAg,@hannastaszak1684,"Pani Maria nazywała się SKŁODOWSKA - CURIE, była Polką. Pierwiastek POLON nazwała na cześć swojej ojczyzny Polski 🇵🇱",2,2024-04-14T16:58:11Z
lHM12dlRcKw,UgzdVrSQJ6UMzkVmQ414AaABAg,@유경주H71,이브퀴리 엄청 미인,11,2022-03-21T13:13:38Z
lHM12dlRcKw,Ugw3vDwa5BZUp6y78aR4AaABAg,@이건개발-p8n,유능유능,1,2024-08-07T07:11:58Z
lHM12dlRcKw,UgzOLuYPkjpS8T1AigZ4AaABAg,@한길-x1w,프랑스.... 역시 비상식의 나라,28,2022-03-19T09:57:33Z
lHM12dlRcKw,UgxomHgWLrHwu0--xS14AaABAg,@오그레이스-o6e,밀푀유님 책까지사서읽었던 구독자로써 너무즐겁고 좋아요 앞으로도 많은영상부탁드립니다 아가씨시절 블로그보며 책사서보며읽던 추억이생각나 댓글남겨요 ❤️,4,2022-03-26T03:15:29Z
lHM12dlRcKw,Ugy8f0sv6-Dl2iGOOut4AaABAg,@kahlenj6792,무슨 일화를 들어도 노벨상 두번 받은 사람이라는 거 외에는 들리지도 않음 저 시대에 여자들 업적을 업신여기려고 했을텐데 업적이 너무 확실하니까 두번씩이나 노벨상을 줬겠지라는 생각밖에 안드네,2,2024-05-04T11:33:08Z
lHM12dlRcKw,UgywpSWIA3ha5LMxo1V4AaABAg,@shinji__924,너무 재밌어요,2,2022-06-03T01:31:42Z
lHM12dlRcKw,UgyJIagFvO-jaPG3SVl4AaABAg,@solvibe-merong,0:26 여름이었다....,0,2023-02-28T07:25:52Z
lHM12dlRcKw,UgwaoV7Dh34QzezjdHB4AaABAg,@yeosookkim6914,연구할시간도눈코틀새없이 바빳을텐데 그와중에남녀사랑까지?노벨상도사랑꾼들좋아하나?😊,1,2024-06-23T08:45:39Z
lHM12dlRcKw,UgxEzWpp6kVqJWYw6Nd4AaABAg,@museball1,"남편이 죽은 후라서 불륜이라 볼 순 없지만 상간남은 불륜이네.
남자 때문에 아이들을 버리진 않았다면 그건 큰 다행.",2,2024-01-24T03:30:45Z
lHM12dlRcKw,UgyGZ7fG3Iedpw5XQq14AaABAg,@황우만리,로멘스든 불륜이든  과학적 업적과 무슨 상관인가요?,5,2023-02-21T01:43:21Z
lHM12dlRcKw,UgwQKQhxY9QrlpP0Ho54AaABAg,@whshshssjs4053,"재밋어요.  위대한 과학자도
💕 사랑 앞에서는 약했네요.
유테인들이 받은 노벨상 20% 
라니 감탄입니다.",15,2022-03-19T10:54:12Z
lHM12dlRcKw,UgyY57avTVN2mlgHV5x4AaABAg,@김윤수-d7e,블로그좀 봐주세요,1,2022-03-25T00:40:46Z
Pn7LR37QlUQ,UgyQjFMkb9uE6H5sn2p4AaABAg,@데이먼-z9l,현장에 가시면 라듐 방사능을 쬐는 것처럼 고음이 온몸을 찌릿찌릿하게 함,171,2020-09-12T10:58:04Z
Pn7LR37QlUQ,UgzkKaAWKs4JuF9yMTN4AaABAg,@로버트킨케이드,옥마리가 돌아왔다…. 이번엔 놓칠 수 없어 꼭 보러갈거야ㅠㅠㅠㅠㅠ,34,2025-06-16T02:32:22Z
Pn7LR37QlUQ,UgwM8vPNugN7aCoEY0Z4AaABAg,@권순형-u8s,많이들 찾는 댄버스 엘리 엘파바 이런 캐릭터들도 물론 잘하지만 마리퀴리는 옥한테 정말 군더더기없이 잘어울리는거같음 ㅠㅠ,12,2024-01-26T04:38:58Z
Pn7LR37QlUQ,Ugzfw6_IOgjBChRAnU14AaABAg,@user-ph8ct3iq6r,옥마리.. 옥마리.... ㅠ진짜 감사합니다..ㅠㅠ 덕분에 하루를 살아갈 힘을 얻었습니다...  디비디 오슷 뭐라도 내주세요 평생을 살아갈 힘을 얻고싶습니다...,65,2020-09-11T00:46:18Z
Pn7LR37QlUQ,UgwLBLuLDGL5PUDHPtR4AaABAg,@suzyluv,"오늘 마리퀴리 보고왔는데 1부 마지막 즈음부터 2부 내내 울면서 봤네요ㅠㅠㅠㅠㅠㅠ옥마리 진짜 명실상부한 국내 원탑입니다... 레베카 쳐돌이었는데 레베카때도 이미 넘사였지만 
옥마리는 독보적으로 스스로를 폭발시키는 느낌ㅜㅠㅠㅠㅠ인생뮤지컬 등극입니다 진짜 옥주현과 동시대 사는것이 행복합니다 만년귀호강",58,2020-09-23T17:44:47Z
Pn7LR37QlUQ,Ugzswp2r2mKfnZpnUhp4AaABAg,@rose8969,라이브 진챠ㅜㅜㅜㅜㅜㅜㅜㅜ요즘 일 왜이리 잘하는거예요ㅠㅠㅜㅜㅜㅜㅜㅜㅜㅜ그니까 굿즈 온판도 해줘요ㅠㅠㅠㅠㅠㅠㅠ,72,2020-09-11T02:27:48Z
Pn7LR37QlUQ,UgwFboU9nKLVwyf-kVx4AaABAg,@only.joohyun,emk보고 있나 ㅋㅋㅋ,33,2020-09-21T12:27:59Z
Pn7LR37QlUQ,Ugx3ZB1yPgZ9wYiOyEp4AaABAg,@Soop_283,"올해 마리퀴리 한다고 올라왔다
옥마리 기다린다 제발요 언니 와줘

미친 진짜옴!!",11,2025-02-13T12:39:16Z
Pn7LR37QlUQ,UgyajW7i-wkrFvJarbZ4AaABAg,@shn8083,넘버 소화력은 진짜 누구도 못따라오는거 같다. 어쩜 저렇게 잘할까,47,2020-10-21T04:46:37Z
Pn7LR37QlUQ,UgzFYtCXVTSp7t2-FGt4AaABAg,@eyeyey36,홍아센 지붕날리는 넘버..,16,2020-09-13T10:15:38Z
Pn7LR37QlUQ,UgwZrbvAXMnGe81ti-d4AaABAg,@로버트킨케이드,벌써 서울공연 끝났다ㅠㅜㅜㅜ 다시 기다려야징…ㅜㅠㅠ,5,2025-10-27T11:04:00Z
Pn7LR37QlUQ,Ugw_W3NhaloL_Cp8ClZ4AaABAg,@user-sn5pw3kn6b,개인적으로 언니 뮤직비디오 중에(별로 내주지도 않지만ㅡㅡ) 이 영상이 최고라고 생각합니다. 그냥 완벽 그 자체라 설명하자면 너무 길어져요. 글자 초과 될 것 같아서 참는다. 정말…. 눙마리는 완벽 갓벽 그냥 미쳤습니다.,6,2024-04-25T13:51:14Z
Pn7LR37QlUQ,UgxrILitZThrFx5-EBp4AaABAg,@하쥬-o8o,그건너~~할때 눈물폭발하는데 1막이라서ㅜㅜ끝나고불켜지고민망할정도였어요ㅜ오히려 이여운 더가지고가고싶었느데말이죠 옥마리는그냥미쳤어요......,14,2020-11-06T16:44:45Z
Pn7LR37QlUQ,UgxN4EJOS7ZU-WAmT2x4AaABAg,@김늘릭,옥마리 실제로 듣고 라듐에 의해 고막 녹고 왔어요ㅠ ㅠ 옥마리 진짜 최고 ㅠㅠㅠ,20,2020-10-03T00:50:28Z
Pn7LR37QlUQ,UgzcB8SADbxMpKrBoGZ4AaABAg,@Estelle-r6k,"멈춰 가려던 길이 여긴 아냐
기적 새로운 밝은 빛을 봤어 꺼져가던 불빛 다시 불타게 했지 난 너를 포기하지 않겠어
너는 누구 너는 무엇
너의 또 다른 이름은 나
너는 누구 너는 무엇
너의 또 다른 이름은 나",2,2026-05-02T07:30:59Z
Pn7LR37QlUQ,UgzodkAwecN_3G8hR_J4AaABAg,@kim자유,레전드.. 공연 또 보러가고싶어요ㅠ 진짜 이 곡 너무 사랑해요 마리가 얼마나 라듐과 자신을 동일시 했는지 보여주는.. 라듐에 대해 얼마나 깊게 고뇌하고 연구했는지 보여주는 넘버네요,31,2020-09-13T07:12:51Z
Pn7LR37QlUQ,UgyukvsUh2C6-lZPGlB4AaABAg,@_l4749,실제로 보면 옥마리 성량 장난아닙니다 꼭 가서 보세요..!,15,2020-09-14T14:56:43Z
Pn7LR37QlUQ,UgxEx1tl15R7FG7iRBB4AaABAg,@염소안기대화우승자,"옥마리 감사합니다................ 1일 1감상 하겠습니다,,,,,,
21세기 최고의 영상,,, 이 영상을 볼수있다는게 너무 행복하네요,,",12,2020-09-11T06:13:45Z
Pn7LR37QlUQ,UgzY8c0IdotuluBy00t4AaABAg,@harmony_haven-l2d,옥주현 배우님 영상은 항상 귀해 그래서 소중해 ㅠㅠ,9,2024-09-10T11:45:04Z
Pn7LR37QlUQ,UgykGuO9Uy--i5oUGbh4AaABAg,@MULUV,옥마리 진짜 짱ㅠㅠㅠㅠㅠㅠ,34,2020-09-11T03:55:12Z
Pn7LR37QlUQ,Ugw7QUqqpUOEB9JwRFN4AaABAg,@jay5253,티켓팅 완. 언니 제가 가요,2,2025-07-22T15:46:39Z
Pn7LR37QlUQ,UgxcR6rqTLfTyZJPNA54AaABAg,@진정훈-b2k,딥디내놔주세요•• 제발 제가 무릎을 오천번꿇겠읍니다 제발••••••,3,2020-10-02T15:03:56Z
Pn7LR37QlUQ,UgyZalZHkdNNpYucmSp4AaABAg,@점심-f2t,라이브...................................... 본사 방향으로 삼천배 올리겠습니다 진짜너무좋아,8,2020-09-11T04:23:02Z
Pn7LR37QlUQ,Ugx2CVKPhB9sU4u9aKt4AaABAg,@user-by5bz1ju6q,혹시 옥마리 실황 dvd로 내주실수없나요? 진짜 간절합니다......ㅠㅠㅠ제발..,4,2024-07-21T12:47:53Z
Pn7LR37QlUQ,UgxGkbz0_6ZaozM1m2h4AaABAg,@하나타바,OST 발매 갑시다~~~,11,2020-09-11T02:44:49Z
Pn7LR37QlUQ,UgzFbgfykGdsPJNtNM54AaABAg,@민-n6i,옥마리.. 옥마리라뇨 감사합니다.. 감사해요 사랑합니다 어디로 절하면 될까요....,9,2020-09-11T07:10:58Z
Pn7LR37QlUQ,Ugy4993aqvipu1rNPRp4AaABAg,@pkhkye640,9일 밤공 보고왔는데 진짜 옥마리님.... 거짓말 안하고 노래 시작하시자마다 제 온몸이 굳었어요 숨도 못쉬겠어요 ㅠㅠㅠ 눈물도 주룩주룩 ㅠㅠ 최고! 진짜 최고예요! 이렇게 영상으로 보니 또 눈물납니다 😭😭😭👍🏻👍🏻😍,20,2020-09-11T14:10:56Z
Pn7LR37QlUQ,Ugw5-EnCUsi5G8LQcXd4AaABAg,@jmp8721,옥마리 박제라니..!.!! ㅜㅜㅜㅜㅜㅜㅜㅠㅠ,13,2020-09-11T12:05:59Z
Pn7LR37QlUQ,UgxqQwFu_cNgugK653p4AaABAg,@BAKO1160,02:20 이 표정 너무 좋다..,2,2020-11-06T12:09:20Z
Pn7LR37QlUQ,UgwCAugvL3R9zShCZ5x4AaABAg,@yywwyw,와....❤,8,2025-06-26T13:34:36Z
Xo6_OQH0MeY,Ugw6_TrYYmqh1_AS5v14AaABAg,@신-v5v,"뛰어난 업적, 열정은 편견을 뛰어넘지",13,2025-09-26T13:49:27Z
Xo6_OQH0MeY,UgyssMGHb-1ru-Y6zKN4AaABAg,@tenafly9,"프랑스가 난리는 치다니, 남들이 보면 유교국가인 줄 알게다",5,2025-09-27T11:49:14Z
Xo6_OQH0MeY,UgwLwvjovEJElOLjK-J4AaABAg,@jcml1229,"누가 뭐래도 불륜은 안되지요😊
남자가 먼저 잘못했을 수도 있는데, 여자만 불륜녀로 몰리는것은 좀 그러네요
남자도 벌을 받아야 하잖습니까",9,2025-09-27T08:43:04Z
Xo6_OQH0MeY,UgxHMILDqIAYg1GhxXh4AaABAg,@likesoop,게으른 프랑스가  저런적도 있다니..,7,2025-09-26T19:04:07Z
Xo6_OQH0MeY,UgyzsvgbbpLO5cb1SjJ4AaABAg,@구름에달가듯이-g2f,한국이었다면 업적따위... 과학계조차 등을 돌렸을듯.,3,2025-09-27T02:06:55Z
Xo6_OQH0MeY,Ugwc8-XI_eX27gF30oN4AaABAg,@haro945,업적과 사생활은 별개 더라구.,7,2025-09-27T10:17:13Z
Xo6_OQH0MeY,UgyCtyM4WmxAf_Zkjix4AaABAg,@똘똘이-c4g,사랑은 그무엇과도 바꿀수 없습니다.!!!,1,2025-09-27T17:21:04Z
Xo6_OQH0MeY,Ugypxg_4E3VceNL1SDh4AaABAg,@이프리맨-y8t,"잘못은 햏구마는,..불류ㄴ과학으로 증머.돠나요",1,2025-09-27T08:06:36Z
Xo6_OQH0MeY,UgyoQNqrcsE7y08FmJZ4AaABAg,@dosiss2875,"진짜 불륜였다면.
욕들을만하네.
과학자로서는 뛰어날지 몰라도 인성은 어떨지..",7,2025-09-26T19:25:46Z
Xo6_OQH0MeY,UgxHKz74eT66q_IYbKl4AaABAg,@쌀밥이좋아-n4y,불륜은 변명의 여지가 없지.,4,2025-09-27T02:20:54Z
y3St4JvPLxM,UgyF0_0RYK3eZ326CPd4AaABAg,@선덕이-b9s,좋은영상 감사합니다.,0,2026-05-23T14:26:21Z
y3St4JvPLxM,UgxPl4SgnDnR9BUBPVB4AaABAg,@최완재-z8b,마리퀴리가 마지막에 묻혔던 묘지는 어딘가요?😮,0,2025-11-10T11:31:37Z
Xl9H0yXCMGU,UgxgWytZVlf7zrS3WXJ4AaABAg,@티끌모아파산-j8r,이 둘이 친구면 나는 친구 없다...,212,2020-08-06T13:34:14Z
Xl9H0yXCMGU,Ugz8JKD-eriikf5P7M94AaABAg,@subakbakbak,이봄소리님 진짜 연기를 너무 잘하심,82,2020-09-07T13:16:58Z
Xl9H0yXCMGU,Ugxp0ZrbZe2fls1b4fF4AaABAg,@냥-i1m,마리 당신이기 때문이야..... ㅠㅠㅠㅠㅠㅠㅠ,28,2020-08-06T11:06:45Z
Xl9H0yXCMGU,UgzCqxMUholX7XbBbf54AaABAg,@9280james,"당신은 우리 별이잖아ㅠㅠ
아직도 그럴까,,?ㅠㅠ

별이 제자리를 잃었을때 수많은 별들 사이를 헤맬때
내가 너의 옆에 있어줄게
밝고 푸른 그 별 하나..

넌 항상 나였어
너의 꿈이 나를 설레게 했어
난 항상 너였어
내 손을 잡은 너를 따라 멀리 뛰어도 
조금도 숨차지 않아

길을 잃은 날 의심할때
너는 나보다 더 날 믿어줬지
내겐 언제나 넌 크고 환한 별
너의 믿음이 날 어디든 가게해
넌 항상 나였어
너의 꿈이 다시 날 일으켰어
난 항상 또다른 너야
너와 나눴던 수많은 시간들이 날 여기까지 데려왔어

춥고 어두운 길 널 따라서 가
다시 잡은 두손~~(다시잡은 손)
이젠 놓지 않아~~ 
넌 항상 나였어
너의 눈부신 꿈들이 날 빛나게 해
앞이 보이지 않아도 다시 시작할 수 있는건 바로
너란 별 하나 언제나 같은 자리에
그댄 나의 별 하나",19,2021-01-25T14:01:51Z
Xl9H0yXCMGU,UgyCIfPieBP9GA3mBlh4AaABAg,@seulow95,그댄 내게 별 진짜 좋아요... 가사도 인물들 마음 그 자체라 뭉클하고 따뜻한 노래ㅠㅠㅠ,30,2020-08-06T09:19:42Z
Xl9H0yXCMGU,UgwS6l3OHoAjzoyuvQJ4AaABAg,@뽀시-s5c,"별이 제 자리를 잃었을 때 
수 많은 별들 사이를 헤맬 때 
내가 너의 곁에 있어 줄게 
밝고 푸른 그 별 하나
넌 항상 나였어
너의 꿈이 나를 설레게 했어 
난 항상 너였어
내 손을 잡은 너를 따라 
멀리 뛰어도 조금도 숨차지 않아 
​
길을 잃은 날 의심할 때 
너는 나보다 더 날 믿어줬지
내게 언제나 넌 크고 환한 별 
너의 믿음이 날 어디든 가게 해 
넌 항상 나였어 
너의 꿈이 다시 날 일으켰어 
난 항상 또 다른 너야
너와 나눴던 수많은 시간들이
날 여기까지 데려왔어 
​
춥고 어두운 길 널 따라서 가 
다시 잡은 그 손을(다시 잡은 손) 이젠 놓지 않아(이젠 놓지 않아)
​
넌 항상 나였어
너의 눈부신 꿈들이 날 빛나게 해 
앞이 보이지 않아도 다시
시작할 수 있는 건 바로 너란 별 하나
언제나 같은 자리에 
그댄 나의 별 하나",5,2024-10-28T06:54:36Z
Xl9H0yXCMGU,Ugz_zDRwTiXbjSsPJxt4AaABAg,@myu._.z,올해에 다시 오는 마리퀴리에 두 분이 꼬옥 있었으면...🥹💚,2,2025-04-07T03:18:59Z
Xl9H0yXCMGU,Ugx7YGPakteM9mBR3jl4AaABAg,@user-yeahyeah,이봄소리 배우 차미 때랑 완전 다른 거 봐 ㅜㅜ개멋져,15,2020-09-02T09:04:31Z
Xl9H0yXCMGU,UgzkPgQ_YCLF1jTO0TF4AaABAg,@이현B,진짜 내 몇 안되는 오열극ㅜㅜㅠㅠㅠㅠㅠㅠㅠㅠㅠㅠㅠㅠㅠㅠㅠㅠㅠㅠㅠ,11,2020-11-02T13:16:32Z
Xl9H0yXCMGU,UgxCamMnlI-INTzxRUF4AaABAg,@김소향배우님저장소,이 노래가 최고인듯❤️ 이렇게 감동적인 노래는 더 이상 없을거야ㅠㅠㅠ😭,19,2020-08-06T15:57:36Z
Xl9H0yXCMGU,Ugz2sY-tmIF64ohGQdl4AaABAg,@kaylee7517,눈물버튼 ㅠㅠㅠㅠ,13,2020-08-06T10:19:18Z
Xl9H0yXCMGU,UgziWMhe8Sbuha7_fTx4AaABAg,@겜물,이거 보고 잠깐 눈물이 핑 돌았다,4,2021-01-27T12:43:52Z
Xl9H0yXCMGU,Ugw4-K7CegpyVhDm7Hx4AaABAg,@민-n6i,흐어엉ㅠㅠ 그댄 내게 별 진짜 너무 좋아💕,14,2020-08-06T08:40:38Z
Xl9H0yXCMGU,Ugx0j1P2pEKRkeqfsIZ4AaABAg,@이준섭-n6c,둘 다 감정이 🥺,3,2023-11-25T14:49:52Z
Xl9H0yXCMGU,UgzvmzoSxPwUFhIdIjh4AaABAg,@너의세상으로-c2g,향봄 다시 볼 수 있다!!!!!,1,2025-05-27T07:58:32Z
Xl9H0yXCMGU,UgwY701PXkU2qfLSHdF4AaABAg,@서정_서정,이거 진짜ㅠㅠㅠㅠㅠㅠ 향봄 넘 슬퍼ㅠㅠㅠㅠ,21,2020-08-06T10:21:33Z
Xl9H0yXCMGU,UgzIr4cyrkmDxBjMPot4AaABAg,@조카바보권양,제일 좋아하는 넘버에요ㅠㅠㅠㅠ 감사해요!!!!,10,2020-08-06T10:59:46Z
Xl9H0yXCMGU,UgzzC8jdum_yxAnetJR4AaABAg,@kuutann,눈물버튼 넘버,1,2024-02-24T02:50:38Z
Xl9H0yXCMGU,UgwXGEEAL0VVLie-KJB4AaABAg,@commonsense6579,이 장면에서 눈물 후두둑 떨어트리던 향마리ㅜㅠ 소향배우님 마리 그 자체♡,14,2020-08-06T10:29:03Z
Xl9H0yXCMGU,Ugyjs2JVlyxIHhMscs54AaABAg,@장퐁듀,진짜 최고.. 배우분들 연기가 정말 너무 좋았었어요.. 감동의 눈물 한바가지..,15,2020-08-28T03:16:19Z
Xl9H0yXCMGU,Ugx-UqH-1ib-cmZPKRN4AaABAg,@heejin.,ㅠㅠ 아 눈물나,2,2022-02-23T14:01:17Z
Xl9H0yXCMGU,UgwBv9el72oZWjcbm_94AaABAg,@Anna-uo9gs,Thank you for english subs!! As a Polish I wish I could see whole musical with english or polish subtitles. I'm glad that musical about Maria Skłodowska in South Korea exists,14,2021-01-15T22:59:16Z
Xl9H0yXCMGU,Ugwh2lOR91b1OmNdNOZ4AaABAg,@정해인_1,ㅠㅠㅠㅠㅠㅠㅠㅠㅠㅠㅠㅠㅠㅠ,2,2020-08-06T08:34:09Z
Xl9H0yXCMGU,UgyYGPW9V3V2tnDRNOV4AaABAg,@결제한자리입니다이미,엑칼 이봄소리님으로 보러갈거예용 ㅜㅜ,2,2021-08-12T03:07:10Z
Xl9H0yXCMGU,UgznVF2wSvFdg73qq7F4AaABAg,@밥먹다콧물흘린혀나,2:38,0,2024-11-27T13:46:12Z
Xl9H0yXCMGU,Ugy5TIcfwBUWLfgl3754AaABAg,@djxjsosnslzo,0:57 01:15,0,2026-06-07T07:36:14Z
Xl9H0yXCMGU,UgyWY51iKznv3F703yF4AaABAg,@ws7eyd,0:16,0,2024-01-16T03:53:10Z
Xl9H0yXCMGU,UgzitiQfrG6Osx3QXDl4AaABAg,@REady_you,아.. 눈물나와요..ㅠㅠㅠㅠㅠ,6,2020-08-06T08:37:04Z
Xl9H0yXCMGU,UgzLdIxydnVcQgDsGwF4AaABAg,@djxjsosnslzo,02:19 03:10,0,2026-06-07T07:44:58Z
Xl9H0yXCMGU,UgyQw1ESZpJUfUWFtTZ4AaABAg,@taiji4486,오열 ㅠㅠㅠㅠㅠㅠㅠㅠㅠ,5,2020-08-06T19:29:10Z
PwZ1OQcchww,UgwVCPvkKJMDLaVzC9l4AaABAg,@짭해적,딸기밴님을 삼킨 봄솔밴님 ㅋㅋㅋㅋㅋㅋ,90,2025-08-22T13:36:46Z
PwZ1OQcchww,Ugy9t9L-MK0X5-EcEVd4AaABAg,@nbdeokoo,저 라이브 채팅창에 혜나배우님 일화 듣고 (과학자 전에는) 은행원이셨구나 하는 채팅 진심 빵터짐ㅋㅋㅋㅋㅋㅋ,64,2025-08-23T13:43:41Z
PwZ1OQcchww,UgzJ6mu7J0_hK5hk3ld4AaABAg,@haru-min0708,봄소리 배우님 려원 배우님 따라하시는거 왤케 기엽지 ㅋㅋㅋㅋㅋㅋ,50,2025-08-22T13:27:25Z
PwZ1OQcchww,UgxVQxL1TYKX5pCBmyh4AaABAg,@나무-n4x,저 이과인데 문과인 배우분들 훨씬 더 대단합니다. 공식은 이해하면 어느 정도는 외워지는데... 저 많은 대사와 가사를 어떻게 외우고 또 자연스럽게 연기 하고 노래하시는지..,12,2025-10-25T13:46:29Z
PwZ1OQcchww,Ugwq_f2UuynLoEf-o_Z4AaABAg,@단나김,봄솔 귀여워ㅠㅠㅠㅠㅠㅠㅠㅠ,15,2025-08-23T04:52:16Z
PwZ1OQcchww,Ugz5izBSmGPuMg_aEud4AaABAg,@달빛창가-z5l,와 너무 귀여워요...,1,2025-08-23T05:25:25Z
PwZ1OQcchww,UgwSSjUVRyZxIhWTJQR4AaABAg,@뜽땅띵땅,ㅋㅋㅋㅋㅋㅋㅋㅋㅋㅋㅋㅋㅋㅌ,1,2025-08-22T10:02:19Z
PwZ1OQcchww,Ugw5sRzCkPl3OGC4Gcp4AaABAg,@고래쌤,외우지말고 이해를하셨으면(?),5,2025-08-22T22:16:26Z
r-AQJ1fxhp4,UgywdUUzljjReLnshv14AaABAg,@user-jm8hp7bt8r,려마리 내 사랑!!! 잘하실 거라 믿어 의심치 않았어요🫠🫠,8,2025-07-29T06:18:03Z
r-AQJ1fxhp4,UgxNoUCMCpVAdThv97F4AaABAg,@예솊25,마리퀴리 보고 김려원 배우님께 입덕했습니다!! 연기도 너무 인상깊었어요 노래두요!!,6,2025-09-14T14:17:33Z
r-AQJ1fxhp4,UgyQ-OxgVEsyMMM65Q14AaABAg,@chaeyoung1889,피에르씨❤❤❤,1,2025-08-08T15:14:02Z
r-AQJ1fxhp4,Ugxw-O4IFrn66d7PNAZ4AaABAg,@dibbidi,테이 조타!! 둘이 하모니가 안어우러져,0,2025-08-14T00:09:46Z
6mrWMKkUb4s,UgxLKJRSxs_GVnakRwJ4AaABAg,@dibbidi,박혜나씨 공연 넘 좋았어요! 복귀후 달라지신 것 같아요   확실히 소리 가벼워지심 조아요    이 페어 보고파,4,2025-08-14T00:12:28Z
6mrWMKkUb4s,UgwnbDw9FX7BsKFg8MR4AaABAg,@lecwin1,너무 좋은 작품…. 이 넘버와 리프라이즈때 환희와 눈물이 흐름. 너무 좋아하는 넘버 중… 웅장해지는 가슴…,3,2025-10-01T17:29:19Z
6mrWMKkUb4s,UgwA4pD-xSEfNdyX1gp4AaABAg,@nbdeokoo,1:16 오늘 제 사인은 씹덕사인 것 같습니다,7,2025-07-21T13:09:15Z
6mrWMKkUb4s,UgxCt2P-ZVH9tOJRW2x4AaABAg,@또치네집,"이 페어 보러갑니다
벌써 신나요 기대만땅 혜나배우님 첫영접",3,2025-08-16T04:57:01Z
6mrWMKkUb4s,UgycRon89eXFSc4Iqph4AaABAg,@lecwin1,마리퀴리 그립다… 얼른 다세 또 오면 좋겠다…,0,2025-12-18T14:17:12Z
6mrWMKkUb4s,UgwBmZZcRS8Yu6jnUGB4AaABAg,@G우,아침 일찍 너무 감사히 들었어요❤,2,2025-07-24T15:18:22Z
kMy8LZEuTFE,UgypcIXLOP4GIfVbT6h4AaABAg,@리헵번,대단해~~~!!!!,2,2024-02-01T15:38:23Z
kMy8LZEuTFE,UgwM_TShG-f1QIecPxt4AaABAg,@춘원이광수-y9s,대단한데 한국의 우파들은 저것도 돈으로 산거라고 온갖 유언비어나 퍼뜨리겠지,0,2024-02-07T09:11:13Z
kMy8LZEuTFE,UgyRylnwvGUhNVcoS254AaABAg,@한석규-w6o,일본의 당구선수 히다오리에 닮았다  강의하는 사람,0,2025-08-28T22:39:12Z
tK6EkIKQh9I,Ugy8jYDxyOvJEDI9qiV4AaABAg,@szczurus1324,"제가 폴란드 사람으로서 이 뮤지컬 보고 넘 감동했여요,,,, Anna Kowalska가 말하드시 Maria Skłodowska-Curie 진짜 폴란드의 별 됬어요❤️ 폴란드 이야기 해서 너무 좋아요 사람들이 Maria가 프랑스 사람인걸 생각해요 그건 절대 아닌데...... 폴로늄 이름도 폴란드 처럼 지어주셨고 원래 성이 바꿔야 하는 전통이 있는데 그냥 남편의 성이 붙어서 썼어요. Maria Curie 보다 Maria Skłodowska-Curie더 유명했음 좋겠어요 ^^ 
이 뮤지컬 폴란드에도 보고싶네요..",226,2021-02-12T22:16:58Z
tK6EkIKQh9I,UgwV99RHA8QbRnFzPSZ4AaABAg,@디-z4h,라듐 파라다이스 다시 들어도 비극과는 상관없이 노래가 밝아서 참 희극이자 비극인거 같아요,55,2022-02-19T12:45:01Z
tK6EkIKQh9I,Ugw5n4yN-_MwcYq_imx4AaABAg,@seohyeon-d2v,"13년 인생에서 처음 본 작품이었는데 , 뮤지컬을 왜 보는지 일깨워준 작품이었어요 화면으로 봐서도 이렇게 벅차는데 , 현장에서는 그냥 오열하고 나왔어요 막공쯤에 또 보러갈게요🫶🏻",12,2023-12-29T16:33:47Z
tK6EkIKQh9I,Ugz_y-FG4z8MNCRkcE54AaABAg,@예진-o4b9s,신기하게도 처음부터 끝까지 벅차오르는 작품,28,2020-09-28T07:16:11Z
tK6EkIKQh9I,UgzWM3v4Zb0tgDxk-Gp4AaABAg,@kingpeachwangdo,마리 그거 꼭 해요! 이 지도에 꼭 별처럼 이름 남겨요 당신은 우리 폴란드의 별이 될거에요,14,2020-09-23T11:45:08Z
tK6EkIKQh9I,UgxddA6e8C6eT8o21Kd4AaABAg,@Ssongical,이봄소리 배우님 진짜..이선동 클린센터 보고 알게 됐는데 사람을 이끌리게 하는 매력이 넘치세요...❤️,25,2020-09-11T11:01:40Z
tK6EkIKQh9I,Ugzk68Xg_dbe7GEaPZl4AaABAg,@jihyeonyu430,폴란드에서 이걸 보게 될 줄은 진짜 꿈에도 상상 못함... 아직도 안 믿겨진다 넘버 진짜 너무너무 다 좋았다ㅠㅠ,24,2022-07-04T18:13:21Z
tK6EkIKQh9I,Ugwtij5xsKxbw7vSaHp4AaABAg,@user-pv9yw1pn8j,현장에서 이 장면부터 울어버림,19,2020-09-20T21:57:29Z
tK6EkIKQh9I,UgxOinAD1TPyaG_MTPl4AaABAg,@subakbakbak,이봄소리님 연기를 정말 잘하신다 안느 그 자체야,40,2020-09-07T13:14:53Z
tK6EkIKQh9I,Ugx0r1_B2ZMV0VDBXvp4AaABAg,@quuuuuuuuuuuuuuuuuu,유학중에 유럽에서 한국어로 공연하는 걸 보게되다니,8,2022-07-03T21:55:42Z
tK6EkIKQh9I,UgzE3nicKEdNSftv4MF4AaABAg,@goggle02,초등학생들은 자막없으면 못알아들을것같고 중고딩들은 보면 유익한 뮤지컬,6,2021-10-11T15:16:43Z
tK6EkIKQh9I,Ugz_almP5bVftTgN6DB4AaABAg,@dhdiwowmxnekkajdd,"0:01 0:01 모든 것의 지도
0:01 0:01

8:27 8:27 라듐 파라다이스
8:27 8:27

+12:10 12:10 시계공장
12:10 12:10

15:02 15:02 예측할 수 없고
15:02 15:02

22:06 22:06 문제 없어
22:06 22:06

30:12 30:12 또 다른 이름
30:12 30:12

33:03 33:03 죽음의 라인
33:03 33:03

39:20 39:20 어둠 속에서
39:20 39:20

41:27 41:27 죽은 직공들을 위한 볼레로
41:27 41:27

46:46 46:46 그댄 내게 별
46:46 46:46",128,2020-08-07T01:12:56Z
tK6EkIKQh9I,UgwsGXE6OJq0CNCMKQl4AaABAg,@DonuaSunday,"In moments like this i wish I knew Korean! 
This sounds fabulous but can’t understand a word in it 😂😭❤️",27,2021-02-12T11:08:51Z
tK6EkIKQh9I,Ugz4oN0S7_EUwGbMMlp4AaABAg,@ultra-e3x,와 끝내준다. 최고다.,0,2026-03-13T12:10:25Z
tK6EkIKQh9I,UgxNcy-uc7ze-kqeJjV4AaABAg,@차아란-k4h,즐겁게본 작품 이었어요 다시한번 감상할 수 있어서 좋네요,1,2025-09-02T15:04:29Z
tK6EkIKQh9I,UgzbRlyelZkE_TSGx5p4AaABAg,@토성복숭아,모든것들의 지도 진짜 너무너무 좋다. 제일 좋은. 넘버!!!!,11,2021-09-20T05:15:14Z
tK6EkIKQh9I,UgydZ5x4CAJGxEJYyLN4AaABAg,@이디니-c8h,진짜 이 공연 보면서 큰 힘을 얻었네요. 총막공 커튼콜 때 얼마나 울컥하든지 ㅠㅜ,13,2020-10-01T06:29:55Z
tK6EkIKQh9I,Ugy_fNjZxd_5nIM-LKR4AaABAg,@ewasz5701,Nieczęsto bohaterami musicali są uczeni. Jestem miło zaskoczona.,10,2023-12-07T21:34:14Z
tK6EkIKQh9I,Ugw13GRK8roHXXXRUMt4AaABAg,@hants112,김아영배우님 너무 좋아요!! 다른 배우님들도 다 좋으셨지만 전 배우님께 자꾸 눈이 가더라구요ㅎㅎㅎ 다음에도 꼭 보러 갈게요! 코로나 조심하시고 무사히 공연 하시길 바랄게요! 화이팅!! /^0^/////,32,2020-08-27T17:10:13Z
tK6EkIKQh9I,Ugz7sb4PT7bXQEP75eV4AaABAg,@달빱,"첫 넘버부터 울면서 시작ㅠㅠ 너무 벅차ㅠㅠ
향마리 돌아와요 ㅡㅠㅠㅠ",4,2021-11-12T01:40:16Z
tK6EkIKQh9I,UgyMLyI5F_YVeOguLjZ4AaABAg,@its.yhvibe,"별이 제자리를 잃었을 때 
수많은 별들 사이를 헤맬 때 
내가 너의 옆에 있어 줄게 
밝고 푸른 그 별 하나 

넌 항상 나였어
너의 꿈이 나를 설레게했어
난 항상 너였어
내 손을 잡은 너를 따라 멀리 뛰어도 
조금도 숨차지 않아

길을 잃은 날 의심할 때 
너는 나보다 더 나를 믿어줬지
내겐 언제나 넌 크고 환한 별
너의 믿음이 날 어디든 가게해 
넌 항상 나였어 
너의 꿈이 다시 날 이르켰어 
난 항상 또 다른 너야
너와 난 어떤 수많은 시간들이 날 여기까지 데려왔어 

춥고 어두운 길 널 따라서 가 
다시 잡은 그 손 (다시 잡은 손)
이제 놓지 않아 (널 놓지 않아)
넌 항상 나였어 
너의 눈부신 꿈들이 날 빛나게 해 
앞이 보이지 않아도 다시 
시작할 수 있는건 바로 너란 별 하나 
언제나 같은 자리에 

그댄 나의 별
하나",11,2020-09-29T15:34:36Z
tK6EkIKQh9I,UgxA8D1VUizrSbWfJlR4AaABAg,@ysjung308,감사합니다. 스토리 배우들 다 좋네요,19,2020-08-18T00:21:17Z
tK6EkIKQh9I,UgzoRCqYkeV1Rzu6psZ4AaABAg,@yu-du3li,14:10에 뒤에 보면 저 때부터 몸에 이상 증세가 나타났구나.... 맴찢.....,88,2020-08-23T05:32:00Z
tK6EkIKQh9I,UgxHKCoW05MuCadnB9x4AaABAg,@좀더광식하게,"노래시작
16:38 예측할 수 없고 알려지지 않은
50:41 그댄 나의 별",12,2020-09-06T02:05:09Z
tK6EkIKQh9I,UgwcxKR5G6cnFYndrkl4AaABAg,@guciojr,"Oh, I will wait for the english subtitles! Thank you for uploding! That is a great cultural adventure :)",9,2021-02-15T12:59:22Z
tK6EkIKQh9I,Ugwjri8xDJOYFy4J_7h4AaABAg,@민-n6i,말퀼...나 울어ㅠㅠㅠ,3,2020-09-02T01:44:17Z
tK6EkIKQh9I,Ugww6y5v9LwkBqbGPr54AaABAg,@zaniezanie4426,안느!!!!!!!!1죽도록 사랑해!!!!!!!!!!!!!!!!!!!!!!!!!,2,2020-09-10T09:50:50Z
tK6EkIKQh9I,UgxAaUzD34cUq8PTshB4AaABAg,@_bons9928,"언니.....사랑해요 너무 귀여워,,..,,",1,2022-07-26T06:14:58Z
tK6EkIKQh9I,UgxffaJ3fNQ190CRUPl4AaABAg,@annaazymut5470,Can anyone please add english subtitles? I won't dare hoping for the Polish ones...,5,2021-02-14T18:36:37Z
tK6EkIKQh9I,UgzfSvST6r3xhVY6__N4AaABAg,@백-g9m,"똑똑똑 라이브 선생님, 여기 마리퀴리를 그리워하는 뮤덕들이 많아요 재연은 세상 빨리 오더니 대체 언제 삼연 하실꺼에요 ㅠㅠ 내년에는 돌아올거라 믿어도 될까요..?",13,2022-09-07T07:50:21Z
5Kw14_zycEM,Ugwcfzns3wr51cd3vWN4AaABAg,@jjkk0826,이페어가 이번시즌 젤 중심 페어 같아요 정말 정석!! 사랑스럽고 완벽해요❤,7,2025-08-10T14:50:45Z
5Kw14_zycEM,UgwFWuQo8AfGNT_g8ot4AaABAg,@lecwin1,이 곡… 먹먹해져요… 극의 말미에는… 멜로디라인도 더욱더 그렇게…,2,2025-10-01T05:07:32Z
5Kw14_zycEM,UgyGa6rH6bQ8C4ZXsSN4AaABAg,@GG-ue7ku,향마리 테이피에르는 진리… 이 매혹적이고 흥미진진한 진리 내 맘을 온통 타오르게해💚,0,2025-10-02T06:44:34Z
5Kw14_zycEM,Ugyqw9NwUDHr6ENdG914AaABAg,@June0528,"1:39
3:34",2,2025-09-25T05:47:00Z
5Kw14_zycEM,Ugzk58-YMIdKhPgCwWB4AaABAg,@5zingO,"4:23
소향밴님 이것뭐에요..?",1,2025-09-29T23:22:53Z
FEt-3OggcHw,UgwO6wH6rchLS0A1lol4AaABAg,@crownbear55,향마리 예측할수없고알려지지않은 은 진짜 사랑스러운것같아요...,1,2026-02-13T16:06:34Z
FEt-3OggcHw,UgzXKlRUz1S7RxfBe6V4AaABAg,@Gamchido,너무좋아요ㅜㅜㅜ플리진짜감사해요 방금 옥마리보고왓는데 넘 감동되고 아 이게 진실이고 사랑이구나 단하나의 아름다움이고 별이구나 느꼇어요,6,2025-09-16T14:19:48Z
FEt-3OggcHw,UgzdNDt1Fe7IoAjL2fB4AaABAg,@jjkk0826,예측할수없는 은 들을때마다 심장이 뛰고 울컥해요 ㅜㅜ,14,2024-07-07T01:18:39Z
FEt-3OggcHw,UgxubZ7xSisaQfq3I8h4AaABAg,@huiminnam8895,어제 보고 왔는데 '다 할~수 있을까~~'가 계속 맴돌아서 들으러 왔어요😆,1,2025-07-30T01:37:32Z
FEt-3OggcHw,UgwUorYNwwi-vsaMLkZ4AaABAg,@화악슈,"세상에 드디어 마리퀴리넘버 모음이다 ㅠㅠㅠㅠ
정말..소중하고 감사해요...
곧 마리퀴리 다시 볼수있을거라 믿으면서... 소중하게 듣겠습니다ㅠㅠㅠㅠ",24,2023-04-20T13:37:11Z
FEt-3OggcHw,Ugy5ZRzcF6VlXJzJVyp4AaABAg,@Rubyrang8,"머글 시절에 우연히 마리퀴리 내용 정리 영상을 보다가 알고리즘을 따라 이 플리를 듣게 되었어요 
그때부터 넘버들이 다 너무 좋아서 머글시절에도 꽤나 이 플리를 많이 들었던 기억이 있어요
이 플리 속 넘버들을 직접 한번 들어보고 싶어서  25년도 마리퀴리를 보러 가게 되었고…
그 계기로 뮤덕이 되었습니다
저를 뮤덕으로 만들어주셔서 감사합니다 덕분에 많이 행복해요",1,2026-02-25T12:56:21Z
FEt-3OggcHw,UgwFjCpyQy1Foz06XkR4AaABAg,@OuO_____vvv,"아니 블랙미스폴란드랑 죽음의라인 너무 좋다 ㅠㅠ 플리 감사해요,,,",18,2023-12-16T14:27:10Z
FEt-3OggcHw,UgxW5XEoVp6QUwpVWR94AaABAg,@산소는오투,7월에 다시 돌아와서 듣고 있어요.. 느좋 ㅜ.ㅜ,2,2025-05-30T14:53:08Z
FEt-3OggcHw,Ugzv4xSYNT_TKhjVptR4AaABAg,@Chandalee1223,흐하... 감사합니다ㅜㅠㅜ,0,2025-10-16T13:27:14Z
FEt-3OggcHw,UgzDEHoNbH8hgQ3jw0F4AaABAg,@Nyam963,이번 첫 뮤지컬 보고 향마리에 빠져들었습니다ㅠㅠ,0,2025-09-28T16:14:54Z
FEt-3OggcHw,Ugx-Bs8sPNFCV3_cDd14AaABAg,@seohyeon-d2v,1번 봤는데 너무 감동받아서 곧 1번 더 보러가요 ..👍🏻,18,2023-12-23T09:36:03Z
FEt-3OggcHw,UgzL7KcvX9_Y0Hj5jvp4AaABAg,@muretang_pre,28:50,2,2025-09-14T09:22:19Z
FEt-3OggcHw,UgygPpU9xTd00XlVnHt4AaABAg,@takbot,23시즌 OST 출시가 안되서 너무 아쉬워요 ㅠㅠ,6,2024-03-15T23:56:21Z
FEt-3OggcHw,UgzF3eIKaKkEkKAkljZ4AaABAg,@InaLyna,I wish trhere sibtitles in English..😅,1,2023-12-09T08:44:35Z
R7iRqDIDVhI,UgyZ2jwjtuG1vzzNxPp4AaABAg,@2Y_2S,라듐 연구를 안했으면 천수를 누렸겠네 ㅠ,3,2024-02-05T06:21:34Z
R7iRqDIDVhI,UgwOphYQmedKoCcPn5V4AaABAg,@hyungjusur1536,방사선치료 오래 한사람 치고 오래 산사람 못봤음... 암세포를 바이러스로 치료하는 빙법이 효과가 좋고 미국 텍사스에서 하는 오줌 추출물 치료법이 효과가 좋다 폴란드 출신 의사인 브레진스키라는 사람이 암환자와 정상인이 오줌의 성분이 다르다는 것을 발견해 착안한 치료법인데 암으로 머리가 빠지거나 고생하지 않고 치료율도 획기적으로 높다,6,2024-02-02T10:15:46Z
R7iRqDIDVhI,UgyoeZLlplGtxBGnKdN4AaABAg,@hyungjusur1536,방사선치료가 암에 도움된다는 소리는 헛소리다,1,2024-02-02T05:49:04Z
7nUKCMSiPj8,UgwfGO8jZbVGpuKe2yV4AaABAg,@sejongcenter,"서울시극단
〈퉁소소리〉
2025.9.5(금)-9.28(일)
세종M씨어터",0,2025-08-24T03:14:57Z
7nUKCMSiPj8,UgzRew018A7Dag63Ri14AaABAg,@밝은어둠,퉁퉁퉁.. 좋은 일!❤,1,2025-08-23T12:53:02Z
_nc_s--GnTU,UgxXi18nq1JpN68VOhB4AaABAg,@sejongcenter,"서울시극단
〈퉁소소리〉
2024.11.11(월)-11.27(수)
세종M씨어터",1,2024-11-14T01:14:10Z
_nc_s--GnTU,UgxhJpF4ao_NUeHh7wJ4AaABAg,@lucky31113,진짜 멋진 연극을 관람하게 되어 감사합니다,2,2024-11-25T13:31:04Z
T2SvowdU-xg,Ugw_dzShvADNLAmb3Tl4AaABAg,@이성숙겸둥,첫번째로 겸둥이가 다녀갑니다 😅😅😅,0,2025-08-25T02:15:52Z
I3ojWXnLlIQ,UgxZ-qJSjKINWxPxFDN4AaABAg,@sejongcenter,"서울시극단
〈퉁소소리〉
2024.11.11(월)-11.27(수)
세종M씨어터",1,2024-11-11T02:13:35Z
I3ojWXnLlIQ,UgzX3W3yP4H5IBcFZk14AaABAg,@홍길동-b3r1d,"고선웅님 연극 너~~~무 재미있어요❤
조씨고아 5번은 본듯😊😊😊",1,2026-02-09T11:06:38Z
VjodPkTivGM,UgwDD66jrGBV88N_3G54AaABAg,@해피하자-r1x,미안하지만 연기가 모자라는건 아닌데 재미없었네요,0,2025-09-22T04:10:31Z
gvYkYz2KSq0,UgwzybL-sLckkRg0-jN4AaABAg,@sejongcenter,"서울시극단
〈퉁소소리〉
2024.11.11(월)-11.27(수)
세종M씨어터",2,2024-11-01T07:19:47Z
gvYkYz2KSq0,UgxlwgKebfOnXnblFbl4AaABAg,@Daegeum,감사합니다❤,2,2024-11-03T18:57:12Z
gvYkYz2KSq0,UgxwWryKKkKUMfW9uK94AaABAg,@lucky31113,정말 진심으로 잘 만든 연극을 보게되어 감사합니다,2,2024-11-25T13:12:50Z
gvYkYz2KSq0,UgwWN2TwcpG9eYbvSAZ4AaABAg,@강지은-f7t,기대되네요❤,2,2024-11-01T13:09:43Z
gvYkYz2KSq0,Ugz_WGQc1nqEGahWF6N4AaABAg,@김말순-m9j,정새별 순수함 연기최고 ❤😅화이팅,2,2024-11-05T04:04:36Z
gvYkYz2KSq0,Ugy2zF8YBYbGcMaxO-J4AaABAg,@정새별덕질계,정새별 배우님 화이팅❤,2,2024-11-01T14:42:39Z
0Urh71nytpk,UgyuxvfGZc8bqxU9eeN4AaABAg,@정현-hj9cj,미스터선샤인 고애신 할아버님 이시다!!!,3,2024-10-15T11:52:44Z
0Urh71nytpk,UgxJSJoi04S6MHvTOQt4AaABAg,@hyojunglim6080,기대됩니다~!**,2,2024-10-14T10:27:23Z
0Urh71nytpk,Ugz-zYpqrQ3iPv4zuP54AaABAg,@sejongcenter,"서울시극단 
연극 《퉁소소리》
2024.11.11(월)-11.27(수)
세종M씨어터",0,2024-10-14T05:43:08Z
EgLEcS4XCi8,UgxL0-nXXUvjlzD8pvl4AaABAg,@lucky31113,정말 대박이었습니다,2,2024-12-01T12:50:39Z
HnmcxdzamAQ,UgwmKY4iKsWxB9gXdp54AaABAg,@윤상덕-o3b,구성지네요. 마음이 짠해 집니다~^^~,2,2024-10-24T13:48:24Z
HnmcxdzamAQ,Ugx4-B_t8N54CIwetFl4AaABAg,@wormfluteheaven8951,👍👍👍👍👍,0,2024-10-27T02:13:54Z
HnmcxdzamAQ,UgyyIvRW_NlQMd4Lh7R4AaABAg,@감-b7o,천재❤,0,2024-10-25T12:13:11Z
HnmcxdzamAQ,Ugw0Osx8tAsw8wcI7Ip4AaABAg,@수연조-f9p,대금의 천재야ᆢ천재,0,2024-10-25T10:47:11Z
HnmcxdzamAQ,UgzJePaLhvzs6nXsH0N4AaABAg,@jessica-z9b3q,좋~~다,0,2024-10-24T11:00:11Z
C8xdtOcHasQ,UgxVDSvKIHereS_sSA14AaABAg,@유창화-d3r,퉁소소리 정새별배우 핫팅 !! 25년 백상 예술대상 후보 입니다 ᆢ5월5일 퉁소소리 연극상 주인공 되길 바랍니다 ~~^^,0,2025-04-23T15:56:54Z
9HyNcGAA8LI,UgwuIHaCELlRU2Htxcx4AaABAg,@sejongcenter,"서울시극단
〈유령〉
2025.5.30(금)-6.22(일)
세종S씨어터",0,2025-06-09T05:28:26Z
NOD2rRFujgM,Ugwdk8owuTh4H2N5YsR4AaABAg,@subhamnaik3825,😊😅,2,2025-05-21T16:10:15Z
sH2KO2EnlYs,UgytXGuXDrBTM-8eyWB4AaABAg,@sejongcenter,"서울시극단
〈퉁소소리〉
2024.11.11(월)-11.27(수)
세종M씨어터",0,2024-11-14T01:53:57Z
ERgCk8ybdqM,UgzEbOrfi64kjQjT66h4AaABAg,@sejongcenter,"서울시극단 
〈유령〉
2025. 5. 30–6. 22
세종S씨어터",0,2025-05-16T05:20:37Z
W1s_O2aPbIc,Ugx_JxYNfrj3fDMWi2h4AaABAg,@엄준식-t5s,고1 국어시간때 배웠던 고전소설이네,0,2025-09-28T08:02:00Z
XOq6-Yeq7XQ,Ugw_MPKkfgvE2K9VREB4AaABAg,@민트초코치킨두마리,"관련 업종 사람입니다. 잘 모르고 무지성 비난하는 분들이 너무 많은 것 같아 댓글 남깁니다. 저 앵콜이라는게 무슨 관객들이 콘서트처럼 앵콜~ 앵콜~~ 하는건줄 아시는 것 같은데 그런 게 아닙니다 ㅋㅋㅋ 오페라는 유럽 현지에서도 너무 잘 해서 미쳤다! 찢었다! 하는 무대가 나왔을 때 ‘비스’라고 외치는 극중 앙코르 요청 문화가 있습니다. 비스가 들려도 앙코르를 매번 하지는 않을 뿐이죠. 극중 앙코르는 스타 성악가에게 종종 일어나는 일입니다. 흔하지는 않지만 파바로티, 플로레즈, 카우프만, 롤란도 비야손, 표트르 베차와, 이용훈 등 주로 스타 테너들에게 자주 일어나고, 썰로 듣기로는 왕년의 게오르규 본인도 앙코르를 한 적이 있다고 들었는데 사실인지는 모르겠습니다.

극의 흐름을 방해한다는 이유로 토스카니니가 금지한 이후 암묵적 룰이었다가 플로레즈가 앙코르로 아메자미를 연주하며 룰을 깨뜨렸고, 그 이후 흔히 볼 수는 없지만  박수가 끊이지 않고 계속 이어지는 경우 박수에 대한 감사 표시와 함께 이미 흐름이 끊어진 극의 진행을 아리아의 리바이벌 후 재개하겠다 라는 의미를 담아 앙코르를 하는 것으로 알고 있습니다.

물론 앙코르를 싫어하시는 분들의 입장을 모두 이해하며 일부 동감합니다만, 기존부터 종종 있어왔던 앙코르로 노래를 두 번 불러 (일종의 대사 반복) 극의 흐름이 잠깐 끊어졌다 이어지는 것과 그냥 극중에 나와서 공연을 중단시키고 자기 할 말 하면서 공연을 개박살내버리는 것 중 뭐가 더 큰 비매너일까요? 이건 앙코르를 하고 안 하고의 문제가 아니라 명백한 공연 중 난동 사건입니다. 초유의 사건이라는 것 또한 앙코르 얘기가 아니고, 오페라싱어가 극을 마음대로 난입해서 중단시키고 행패를 부린 역사가 없다 보니 그게 초유의 사태라는겁니다. 본인이 주목받지 못한 왕년 디바의 자존심 상한 난동으로밖에 해석이 안 되는 일입니다. 앙코르에 대한 논란은 공연이 끝난 후 따로 다뤄졌어야 맞는거구요.

그냥 게오르규가 유명한 스타 디바라고 해서 잘 모르고 게오르규가 맞겠지 하는 사람들도 많은 것 같은데, 게오르규는 이미 인성 문제로 유럽 극장에서 쫓겨나고 말 많이 나오는 사람입니다. 심지어 나이 들고 역량 떨어져서 극장에서 잘 불러주지도 않아요. 이렇게 왕년 이름값으로 해외 스케줄이나 다니는 사람이죠. 실제 이번 토스카에서도 게오르규가 유일하게 고음 피치 다 떨어지고 소리도 잘 안 들렸습니다. 그래도 왕년 대가라고 음악 표현이나 연기는 잘 하더라구요. 차라리 성깔 드러운 사람 캐스팅해놓고 조심하지 그랬냐~ 하면 공감이 되겠네요 ㅋㅋㅋ

*추가로 앙코르를 커튼콜에 했어야 한다는 분들이 있는데 그건 뮤지컬만 그렇습니다. 오페라는 커튼콜에 노래 안 해요~뮤지컬만 보신 분들이 잘 모르시고 오페라도 같다고 생각하시는데 아닙니다.",8256,2024-09-11T17:41:39Z
XOq6-Yeq7XQ,UgyjzdpxmobSxtzPTNB4AaABAg,@김민선-w7,이유를 불문하고 공연 중 관객들 앞에 난입해 성질대로 무례한 행동을 한 저 여자의 잘못이 크다. 앞으로 예의를 중시하는 한국에서 공연하는 일은 없길.,3402,2024-09-13T00:55:40Z
XOq6-Yeq7XQ,Ugxy5NXVHs37PHIA64R4AaABAg,@armdrl,"아무리 열받는다고.
무대에 나와 소리치고 가는 그런 행동을 하다니. 무지한 여자다.",2485,2024-09-12T13:52:46Z
XOq6-Yeq7XQ,UgyHR0NpRomEYOJn2up4AaABAg,@esj1368,불만이 있어도 공연후에 컴플레인을 해야지 프로패셔널하지 않고 관객 무시하고 본인 존중하라고 소리치는 무대매너 빵점인 여자네,1382,2024-09-13T00:23:36Z
XOq6-Yeq7XQ,UgxHERkregPk23xLBpB4AaABAg,@user-eb5xw9bv1k,"앵콜이 맞지않다하더라도 이미 진행 상황에서 무대에 올라 지휘자에 큰소리로 항의 하는건 공연을 완전히 망치는 행위이다  불쾌하더라도 관객을 생각하면 공연 끝나고 항의하던지 이의 제기를 해야지 관객을
완전 무시하는 처사였음",1625,2024-09-09T14:25:54Z
XOq6-Yeq7XQ,Ugxn1yZaEi9VuIUGdSh4AaABAg,@gemmashue,앙코르는 극의 흐름을 깨서 지를 존중 안하는거고 아예 극과 상관없이 지가할말 소리치는건 관객존중하는거임???,630,2024-09-13T07:34:28Z
XOq6-Yeq7XQ,Ugwqf7YDGmzyKMqk6JZ4AaABAg,@220m2,"프로라고 말하지말아라. 금방 데뷔한 아이돌들도 무대에서는 무슨일이있어도 관객들 눈치채지못하게 프로답게 끝낸다. 무대뒤에서 해결할일,따질일 있으면 그때해야지맞지. 이건정말 관객들을 무시하고, 무례하고,무식한행동이었다.",1160,2024-09-12T14:11:17Z
XOq6-Yeq7XQ,UgyHdYS-Q2bScR7HCPR4AaABAg,@내란행동대장윤거늬,대체 왜 노이로제환자를 초청하나 우리가 쓰레기통이냐 뭐냐?,813,2024-09-12T09:45:45Z
XOq6-Yeq7XQ,Ugwr-FYbbtUQc3c0m4Z4AaABAg,@jamesschoi87,심정은 이해가 가지만 나였으면 끝나고 항의했을거 같은데,851,2024-09-09T14:31:26Z
XOq6-Yeq7XQ,UgwOOKZnZ2Vwg0FopsZ4AaABAg,@samuelkim3303,"저 정도면, 아무리 스타라고해도, 욕 먹을 짓을 했네요!!",185,2024-09-11T20:43:11Z
XOq6-Yeq7XQ,UgyZqYhvUa9dXhg809h4AaABAg,@YOUNGJOOJEON-o8t,자기는 존중받아야하고 상대역이나 관객은 존중 개무시,81,2024-09-16T02:45:33Z
XOq6-Yeq7XQ,UgwHccrl8EJXIgyZ1NZ4AaABAg,@혜순신,"김재형 파트 부분의 노래를 한국사람들이 특히 좋아하는 것 같아요. 그래서 더 박수가 길었던 것은 아닐까 유추가 되는데, 오페라에서는 길게 치는 박수는 앙코르의 의미가 있다보니 지휘자가 관중들의 호응에 맞춰 앙코르 진행한 듯.
그런데 여주인공(프리 마돈나)의 입장에선 앙코르가 마음에 들지않더라도 끝까지 공연을 마친 후에 의사 전달을 했어야 옳지않았을까 싶네요. 중간에 앙코르가 문제라고 지적하면 지휘자도 관중도 달아오른 감정에 찬물을 끼얹은 것과 다름 없죠. 이후 공연 내내, 그 지적의 찝찝함만이 남아 더 이상 공연에 집중안되었을텐데...",285,2024-09-16T13:43:54Z
XOq6-Yeq7XQ,Ugwimk8UDPvu7wiwvLx4AaABAg,@user-힐링공원,"공연도중 앙코르한다고 주연배우가 기분나빠 항의를 하다니.
뒷무대에서 항의해야지.
관객앞에서 그러다니 서로  기분이 엉망이 되어 어쩌나.
그래도 주연배우는 끝나는 무대에서
여러분 제가 관객들이 원하는  앙코르요청을 무시한것처럼 보여서 관객분들이 제가 한행동에
기분이  나쁘셨다면 제가 머리숙여
사죄드리겠습니다.라고  끝내야지
좀그러네.",92,2024-09-20T11:46:50Z
XOq6-Yeq7XQ,Ugz_Jg-HJbcckZ7PNLh4AaABAg,@hhappysonamu,이 상황에서 앵콜한 남자배우님이 제일 마음이 불편하시겠네요😢,50,2024-09-19T12:46:13Z
XOq6-Yeq7XQ,UgyZpPq5ZMp73jhvsu54AaABAg,@김정민-m9v,"아주 드물긴 하지만, 오페라 공연 도중, 아리아 앵콜을 하기도 합니다! 1993년 빈국립오페라 극장에서 롯시니< 세빌리아 이발사>  공연을 보았었는데, 중국 바리톤이 <피가로> 데뷰를 했었는데, 아리아를 너무 잘하자 박수가 그치지 안았고, 앙코르를 하였습니다. 두번 아리아를 부른거였습니다!! 이런 경우가 드물긴 하지만, 분명 있습니다!!!세계 3대 오페라인 빈국립오페라에서였습니다!!",246,2024-09-09T21:56:50Z
XOq6-Yeq7XQ,UgyiH1elRyRHvkTuHcR4AaABAg,@popolee1326,우리나라 사대주의 개쩌네 앙코르가 잘못이건 뭐건 자기 기분 나빴다고 공연 그따위로 하는게 맞는건가? 기분나쁘게했으면 저렇게 해도 되? 그럼 한예슬 사태때는 왜 한예슬 욕하는데? 지금 논리면 잘못된걸 요구한 스태프들을 욕했어야지,19,2024-09-11T23:56:59Z
XOq6-Yeq7XQ,Ugz_52UCKaezfjEhMdp4AaABAg,@doughnut_luv,무대 뒤에서 언쟁을 하던지 해야지 관객앞에서 이렇게 티내는건 프로답지 못한거지…,52,2024-09-20T13:57:29Z
XOq6-Yeq7XQ,Ugw1RMxvDNjtmq9hRnJ4AaABAg,@monjiwal,주인공뿐만이 아니라 모든 출연진은 존중받아 마땅하다.,3,2024-10-03T10:18:40Z
XOq6-Yeq7XQ,UgwEJDrdVgx-LrAfxEF4AaABAg,@정연수님,갑을 관계 따지는 걸 별로 좋아하진 않지만 엄연히 관객이 갑임. 자신들의 공연을 보러온 관객들에 대한 예의가 아니라고 봄.,6,2024-09-20T12:32:51Z
XOq6-Yeq7XQ,Ugxi705rMALT3-rEyaV4AaABAg,@빕빕빕-q3n,공연중 앙코르하는 거나 중간 불만표시하는거나 야유부리는 거나 다보고 환불해달라는거나…,138,2024-09-10T00:15:11Z
XOq6-Yeq7XQ,UgwzE6AMPriZi4IHLW54AaABAg,@user-ceh1052,"_나를 존중해 달라,,며,,, 😂😂 근데 넌 왜 관객들을 존중하지 않았니??_",30,2024-09-20T13:20:57Z
XOq6-Yeq7XQ,Ugye01hzb8PnSAgyVg54AaABAg,@jaeyongjeong2947,"근데 앵콜 요청했다고 공연 중에 그걸 또 하는 것도 문제가 있다고 보는데, 혼자만의 공연이 아니잖아.",3,2024-09-29T03:26:41Z
XOq6-Yeq7XQ,Ugz7vgaAlfJxt-T70L54AaABAg,@이평온-t7y,극의 흐름을 깨는 앵콜을 왜???하냐!!!,7,2024-09-15T14:07:36Z
XOq6-Yeq7XQ,Ugyb-trChcdOU1KkiCd4AaABAg,@박영경-q2t,"공연중 앙코르도 문제고,주연도 문제고~   공연비가  싸지도 않은데 프로로써 대처가 미흡",7,2024-09-16T09:27:56Z
XOq6-Yeq7XQ,UgwAPfpMQnE2Shxfrtd4AaABAg,@aaazszs,"전공생입니다
오페라는 뮤지컬과 다릅니다
공연 끝나고 다시 노래를 부르지 않아요 커튼골을 하지 않습니다
누가봐도 저 상황에서 소프라노는 프로가 아니었습니다
오페라는 애초에 앵콜을 잘 하지 않는만큼
관객들의 앵콜로 인해서 저 아리아를 중간에 다시 할 정도라면 정말 전율끼치는 무대였을텐데...저 공연을 서로 레전드라 부르며 행복하게 끝날 수 있었을걸..되게 아쉽네요",170,2024-09-14T13:10:37Z
XOq6-Yeq7XQ,Ugy6SJvqQz29wCAnINp4AaABAg,@saffrooon,제발 나를 존중해달라며 관중을 존중하지 않는 군,2,2024-09-21T10:05:37Z
XOq6-Yeq7XQ,UgzeHoQNsmVLRYI8Nel4AaABAg,@kianj5406,관객이고 배우고 지휘자고 비정상들끼리 어떻게 이렇게 한자리에 다 모였대ㅋㅋㅋㅋㅋㅋ,59,2024-09-10T09:50:41Z
XOq6-Yeq7XQ,UgzqjLatVltYIqyMJPV4AaABAg,@Ahshshiaiagwi,음. 중립박자. 앙콜 한다고 커튼콜끝나고 하는것도 아닌 극중에 하는것도 잘못이고. 그걸 항의한다고 극중에 항의하는것도 잘못.,6,2024-09-30T02:18:56Z
XOq6-Yeq7XQ,UgzzV2_4TkP8YBW7tJB4AaABAg,@주마초,오! 공연중 앵콜이 가능한거구나,25,2024-09-15T13:02:12Z
XOq6-Yeq7XQ,Ugxzc_M5Q6DnH9_gK694AaABAg,@ojhiHis,"파바로티 입니다.
저는 앵콜 다 해줍니다.",4,2024-09-12T01:46:37Z
v9EkDFR6wjQ,UgwaKWfCYl3DOc4BDip4AaABAg,@KoreafestivalTV,👏👏👏👏🥀🥀🥀🌹🌹🌹🍒🍒🍒,0,2026-04-10T11:08:18Z
KatoYT-jY3k,UgyHAOhru0O3YQYlBZ94AaABAg,@남명안,"화이팅  
언제나 응원 합니다❤",2,2026-03-31T10:00:47Z
Ydd5WXWQhr8,UgxGuikHwwIBFuTRQVR4AaABAg,@lucky_ykcul,좋은 공연 감사해요,1,2021-09-04T14:24:26Z
M5r_IvD02qk,UgywdisjUqU1QmLKhhJ4AaABAg,@friendj911,"남자.아이는 그 나이에 딱맞고
태연이는 성인과 견주어도 손색이 없는듯..",49,2021-01-16T23:42:18Z
M5r_IvD02qk,UgzxSd7Ld3NlMNlNhtR4AaABAg,@박준언-y9k,신동들의 무대 놀랐습니다. 잘 성장해서 오래도록 우리국악을 빛내줘요.,28,2020-06-20T01:54:46Z
M5r_IvD02qk,Ugz9hsf2DTSXWaAqE8d4AaABAg,@남승두영,태연이 기가 맥히네~^^,31,2021-01-08T09:25:22Z
M5r_IvD02qk,Ugwy5GJjHDXACuFDMjF4AaABAg,@hidetoshi2261,두어린이 자주 방송에서 봤으면좋겠어요! 너무 귀엽고예뻐요ㅎ,32,2020-05-01T10:36:07Z
M5r_IvD02qk,UgxlOEtPFE9JwlGmlfl4AaABAg,@정난정-j2n,우리나라보배들 어찌이리 잘하노  보고있으면 밥안먹어도 배부르다,12,2020-10-26T13:14:05Z
M5r_IvD02qk,UgwXIXuR2aUMPqKBVVN4AaABAg,@민수화-b2m,"해가 트고 달이 지듯 천천히 잘 
자라다오 ~♡",24,2020-04-26T09:58:05Z
M5r_IvD02qk,UgwDgUCDKtU-XjfNO2F4AaABAg,@홉사랑-b7z,"세상에~~!
태연이만 잘하는줄 알았더니 남자 어린이도 특출 하네요!
두분의 훌륭한 소리에 눈호강 귀호강 합니다. 감사 합니다~♥",11,2021-02-16T04:03:52Z
M5r_IvD02qk,UgxF1zGgx-x3bYyDIFF4AaABAg,@jang7867,"앙"""";^^^^★★★★★♥♥♥♥♥♥귀요미.....이뻐라😚😚🌹🌹🌹🌹최고예요..태연..도령...ㅋㅎ♥♥",11,2020-11-30T03:03:46Z
M5r_IvD02qk,UgzxcH7TYp4fAxusRiB4AaABAg,@ryutaesungryu2171,김태연홍장언정동원파이팅,19,2020-05-23T13:33:50Z
M5r_IvD02qk,UgxmPOonmY5Ynfwfw094AaABAg,@김현서판소리,얼씨구~~~~잘헌다아 ~~~~,18,2020-04-26T05:00:19Z
M5r_IvD02qk,UgzBJ1VzmlEabowQhnR4AaABAg,@수미래-h3t,오 아이콘텍트에 출연한 친구네영 너무 잘한다💜,17,2020-12-09T10:50:28Z
M5r_IvD02qk,UgwJWvynWpJAaHkExKJ4AaABAg,@mika_l5212,가야금 전공인 중1 학생입니다..... 제 (판소리전공)친구보다 잘합니다.......,13,2020-06-17T16:21:42Z
M5r_IvD02qk,UgwPoCA-8-l1lDbOe_Z4AaABAg,@꽃구경사랑,감상  잘 하고 갑니다 둘이 너무 귀여워요  김태연 잘 한다  미스트롯2  응원해요,22,2021-01-14T07:26:36Z
M5r_IvD02qk,UgyjHqlbBhqIKPghU7h4AaABAg,@nh3928,"한복이 잘 어울리는 
국악신동 김태연 
꽃길만 걷자",9,2021-05-03T14:17:19Z
M5r_IvD02qk,Ugx_scdhve5oPNw1EgJ4AaABAg,@김학중-n4c,이쁜이들~~♥,17,2020-04-26T23:25:32Z
M5r_IvD02qk,UgxEKffsU4mt1AmbuxV4AaABAg,@곽장용-l5l,태연양너무너무  잘해서  보고토보고   응원하고잇습니다,7,2021-03-27T13:48:46Z
M5r_IvD02qk,Ugwh9g3BBCFp2bpLjW94AaABAg,@써니맘TV,"울태연양 달뜨는소리에서 사랑가 너무좋았어요~~
소리하는 김판사 너무 좋아요~~",8,2021-09-22T08:32:05Z
M5r_IvD02qk,UgylteAysshoeY1pZOZ4AaABAg,@전혜련-i2t,태연양 팬입니다~~~,9,2020-12-20T14:51:50Z
M5r_IvD02qk,UgyURCit4QaXj1coFgh4AaABAg,@내사랑두부-u2w,정말 잘한다 김 태연,7,2021-02-28T16:20:49Z
M5r_IvD02qk,UgxWq5mifbz8bK-bVzJ4AaABAg,@thehappytv493,너무귀여워요.두어린이 최고최고,7,2020-07-12T11:13:39Z
M5r_IvD02qk,Ugx-cMut6UDyOWDk68B4AaABAg,@고로고로마루-c9e,ㅋㅋㅋㅋㅋㅋ재밌닼ㅋㅋㅋㅋ,12,2020-04-26T08:48:31Z
M5r_IvD02qk,UgxPHmPTAtMK058b0dl4AaABAg,@조혜진-t6m,"넘잘한다~~~
잘 커다오~~~",7,2021-02-05T16:10:14Z
M5r_IvD02qk,UgwEE7f_pH9-G07xvCh4AaABAg,@땡이-o9g,선재군은 너무 귀엽게 나이에 맞게 잘하고 태연양은 어른 못지 않게 깜짝 놀라게 잘하네요!! 둘의 미래가 기대됩니다ㅎㅎ,35,2020-11-27T12:30:51Z
M5r_IvD02qk,UgxS5h5FugH1v9UUyS94AaABAg,@김순배-c3y,"태연 공주 오래된 영상인데  지금
하는 방송 같아요,,잘들었어요,,응원할게요,,,🫰🫰🫰🫰🫰🌿🌿🌿🌿🌿🎀🎀🎀🎀🎀",0,2026-06-25T09:51:30Z
M5r_IvD02qk,Ugyk7Vjpicrf7HxJMu94AaABAg,@김종순-l1r,"우리 태연이는  무대에서   태어났구나
태연아  사랑한다",5,2021-03-08T14:11:34Z
M5r_IvD02qk,UgxX8f6GhJ0S6GIf3jB4AaABAg,@경희임-f1o,"잘하네
태연이는국악을하기위해태여났것같다
목소리가타고났어요
열심히하세요
태연이 파이팅 !",53,2020-10-24T02:25:34Z
M5r_IvD02qk,UgzgluWiF8pJU8C_6Up4AaABAg,@이위재-e6e,감히 예언컨대 이 두 어린이보다 사랑가를 더 멋지게 부를 이들은 앞으로도 없을 것 같다. 정말 최고로 잘 한다!,2,2021-11-11T08:39:56Z
M5r_IvD02qk,Ugx2XP9nzduMYPHIAXx4AaABAg,@햇꽃님,❤❤💯💯💯🍭🍭🎁🎁,2,2025-02-09T04:08:00Z
M5r_IvD02qk,UgwCbTTHrZdNwW4SMWJ4AaABAg,@BYCHANGS1,어머 너무 좋고 귀엽네요!!,9,2020-08-25T13:24:49Z
M5r_IvD02qk,UgyRpe6AdqeVGt7xEsZ4AaABAg,@정임순-g8e,"태연 낭자  국보급으로 너무
잘합니다 중학생 오빠도 잘합니다
태연이는 소리가 익었어요 넘잘해",5,2021-02-15T13:56:48Z
cWq74yAS3kM,UgwEslnAeaovshGoTSV4AaABAg,@ishalee0124,와 언젠가 한국 테마로 디즈니 영화 나오면 맨 처음 로고송으로 나올거 같아요 소름 쫙,1749,2024-04-19T05:37:41Z
cWq74yAS3kM,Ugx_L9dGgUEEXu-C3nJ4AaABAg,@ivanivan2785,"저는 한국인이 아니고 크로아티아 출신이에요.
나는 한국과 한국 사람들을 마치 내 것처럼 사랑합니다.
당신은 한국인이 얼마나 음악적인가를 보여주는 증거입니다.
전통 음악과 악기가 너무 인상적이고 완벽해요.                                                                                                                                              한국어로 작성했을 때 발생할 수 있는 실수에 대해 사과드립니다. 감사합니다",1614,2023-08-30T18:56:28Z
cWq74yAS3kM,Ugy5hzj1uN3l271v7m94AaABAg,@Yasashii_nekoyang,우리나라에 디즈니랜드 생기면 이분들 음악으로 공원 내에 틀어두면 좋겠어요!,753,2024-05-12T05:17:23Z
cWq74yAS3kM,UgxTIr1oQhuxs36P9aR4AaABAg,@현몽-g9l,태평소 진짜 존재감 엄청나네 ㅋㅋㅋㅋ 혼자 겁나 독보적,637,2024-04-23T14:15:31Z
cWq74yAS3kM,UgwcYv29vm4V7Th0JjF4AaABAg,@비타-p7r,"디즈니의 오프닝 곡은 피노키오의 ost인 ""별에게 소원을"" 입니다.
많은분들이 오프닝으로만 아시고 제목은 모르시는것 같아서 적어봐요.

너무 좋아하는 디즈니의 분위기와 너무 좋아하는 국악기라니...너무 행복합니다. 아름다운 소리를 들려주셔서 감사해요:)",775,2024-04-23T11:11:55Z
cWq74yAS3kM,Ugy1EYCVagRofaHJvap4AaABAg,@dakimcomp,외국인 친구에게 이 영상을 보여주면 우리나라의 음악에 대한 이해가 빠르겠네요 감사합니다🙏🏻,369,2023-05-11T02:23:06Z
cWq74yAS3kM,UgxRpCpCC4HXNsRcpS54AaABAg,@임재정-f5j,"🎶음악 리스트🎵
00:00 디즈니 인트로 [월트 디즈니 오프닝]
00:38 저 바다밑 [인어공주]
01:35 미녀와 야수 [미녀와 야수]
02:42 아름다운 세상 [알라딘]
03:45 보여줘 [겨울왕국2]
05:00 Le Festin [라따뚜이]
06:32 빛이 드디어 보여 [라푼젤]
07:45 태어나서 처음으로 [겨울왕국1]",48,2024-08-02T12:09:40Z
cWq74yAS3kM,UgzFQxpWMbU36pWV-UN4AaABAg,@냐옹이-x9m,와 제가 이걸 집에 누워서 무료로 들을 수 있는 세상에 감사할 정도로 너무 좋아요...  이 퀄리티에 아직 이정도밖에 못 떴다니 더 떠야해요 ㅠㅜㅜ,300,2024-04-30T20:15:46Z
cWq74yAS3kM,UgyQ8jDnRlvS1eLKYMh4AaABAg,@송부준-m3p,5:10 레스토랑에서 라따뚜이 시켰는데 잡채가 나왔어요......,11,2026-02-16T08:16:03Z
cWq74yAS3kM,UgxHnG5eNubO1SuRqT94AaABAg,@이리나-t6v,"첫곡 언더더씨 나오자마자 용궁으로 소환ㅋㅋㅋㅋ
이런 국악버전 넘나좋네요~~~👍",413,2024-04-20T13:03:28Z
cWq74yAS3kM,UgxU_AKs9qms_kBzqq14AaABAg,@rosa771,"올해 9월에 결혼해요!

웨딩홀에서 오케스트라며 재즈며 선택권을 주는데 왜 국악은 없나 ㅜㅠ 생각들정도로 아쉬워요❤

이렇게 맑고 청아하고 아름다운 우리소리인데😢",204,2024-04-21T16:37:21Z
cWq74yAS3kM,UgxmGIOqDpEIpL-UnTt4AaABAg,@silkstar91,우리나라 전통악기의 명맥을 이어가는 연주자분들 존경스럽습니다.,421,2024-04-01T14:47:19Z
cWq74yAS3kM,Ugw81AlQsaeUHu8KW4V4AaABAg,@안경쓴샌님-u2n,"오늘부터 지브리에서 디즈니로 이직 준비하겠습니다 

-홈프로텍터-",58,2024-04-09T02:18:16Z
cWq74yAS3kM,UgxlviG7lxa7e2DwN_14AaABAg,@pposomm,제발 이건 떡상해야해 ㅜㅠ 지금이라도 쇼츠로 부분부분 뽑아냅시다 ㅜㅠ 한 3~5개 정도로 ㅠ,143,2024-04-29T14:54:11Z
cWq74yAS3kM,UgwRaYfR5cjADc7irTp4AaABAg,@Eclipse-hw1qe,진짜 미쳣다…. 전공을 바꾸고 싶습니다.. -전기공학과 올림-,77,2024-04-06T01:12:46Z
cWq74yAS3kM,UgyLqPFCsELLV-vnRPF4AaABAg,@Laaaaau,"미쳤다 너무 좋다 정말로... 내가 원하던 게 여기 있었네ㅠ
디즈니 덕후로써 한국판 메들리라니.. 이 야밤에 작업하면서 너무너무 행복하네요 감사합니다!
연주자 분들 구성해서 영상 촬영 정말 쉽지 않으셨을텐데 정말 고생 많으셨습니다ㅠ 최고예요bb
우리 소리 듣기 정말 편안하고 감동스럽고 신기하고 좋아요!
저도 곡 순서에 최대한 맟춘 컬러 하트로 벅찬 이 마음 표현해 봅니다!ㅎㅎ
💙❤💛💚🩵🧡🩷🤍",296,2024-04-17T16:51:31Z
cWq74yAS3kM,UgyTcN7_TeLowwNuKKR4AaABAg,@피스-t8j,디즈니 공식 한국 공주 출시해줘ㅠㅠㅠ 영화 시작화면이 그려진다구ㅜㅜ,59,2024-04-26T05:28:00Z
cWq74yAS3kM,Ugxh1ifqXi5RCIQv3Rp4AaABAg,@rene4173,학생들 실력도 좋지만 촬영도 상당히 잘해서 영상미가 뛰어나네요,125,2024-04-20T09:38:22Z
cWq74yAS3kM,Ugy7tyaLuVcnIysTmRB4AaABAg,@1013wy,"안녕하세요. 전 운양 초등학교 4학년 1반 13번 신해린입니다.
OST여서그런지너무나 음악이너무나 아름답네요.
그리고 디즈니 노래가 있어서 그런지
너무나 좋내요.",5,2025-12-11T01:11:13Z
cWq74yAS3kM,UgzZvCVVeMrKBpFK1fF4AaABAg,@배은경-w6v,"내가 언제 궁궐에 들어온거지? 여긴 한국인가 외국인가
와 듣자마자 제 귀가 호강을 하네요ㅠㅠ바로 구독했습니다.
최고예요.❤❤❤❤",97,2024-04-19T08:43:27Z
cWq74yAS3kM,UgwZTTMkSbM-WzXg7DN4AaABAg,@로잘리나,우리나라 전래동화 디즈니버전 기대하게 되네용❤,194,2024-04-16T13:43:30Z
cWq74yAS3kM,Ugy5pYdzGfAygkX1Ajh4AaABAg,@freemindandchill,여기서 느낀점은 우리소리로도 이렇게 동화같고 서정적이고 평화로운 음계를 만들어내는데.. 다양한곡들이 나오면 좋겠어요 무한반복중입니다,38,2024-04-22T13:27:56Z
cWq74yAS3kM,Ugx7_f4ArKRTA-3GAoN4AaABAg,@파하-v3i,라따뚜이 국악버전은 진짜 국악에 있을 법한 노래 같아서 너무 좋은 거 같애요 한국인들이 한국 문화를 즐기는 일상 같고... 조선시대 함양 같고...,33,2024-08-07T21:10:14Z
cWq74yAS3kM,UgxlglVAM4ydKN2MGmJ4AaABAg,@성이름_01-q5i,좋아요를 한 번밖에 누를 수 없다는게 너무 아쉽다,8,2024-10-05T04:31:03Z
cWq74yAS3kM,UgyPgVv1uIiLEtxkAyh4AaABAg,@areumlee3656,서양과 우리나라의 합침은 천상의 음악이군요. 어렸을 때 들었는데 이거로 들으니까 더욱 감명 있어요 ❤❤❤,0,2026-06-08T12:56:58Z
cWq74yAS3kM,Ugx-QpycQyo6dsqTqfR4AaABAg,@Blue-eyed-z8g,가야금의 통통튀는 선율이 인어공주에 넘나 잘어울리네요,98,2024-04-06T06:29:07Z
cWq74yAS3kM,UgxbrEoLMi3Qj7hL2NZ4AaABAg,@gun__66,제목 준내 치트키로 지어버리내 ㅋㅋㅋㅋㅋ,10,2024-04-24T18:32:19Z
cWq74yAS3kM,UgxCvDmBwC-G8TiUJcZ4AaABAg,@user-dl7vs2ys3u,이 영상이 얼른 전 세계적으로 떴으면 좋겠어요…. 너무너무아름다운 영상이에요진짜ㅠㅠㅠㅠㅠㅠㅠㅠㅠㅠㅠ,46,2024-04-23T07:39:53Z
cWq74yAS3kM,UgxXvAar1aiRWOu1mtZ4AaABAg,@1818wy,"안녕하세요 스누뮤님 저는 국악 홍보 선플달기 운동을 하고 있는 운양초등학교 학생입니다.
이 영상을 보고저도 국악을 하고 싶어 졌어요.
앞으로도 재밌는 영상 많이 올려주세요",3,2025-12-09T04:01:18Z
cWq74yAS3kM,Ugzs2HYmejrL2CMPobV4AaABAg,@요이_522,와 국악이랑 디즈니 메들리가 이렇게 까지 잘어울릴줄은 몰랐아요❤😮,2,2026-05-09T14:18:37Z
_K8X07RLkpw,UgzcyVyST3jidHpbC6V4AaABAg,@suupger1167,답변 좀,0,2021-07-16T04:26:17Z
_K8X07RLkpw,Ugw4WhgxuqbrCxxqehh4AaABAg,@suupger1167,유치,0,2021-07-16T04:25:10Z
E1PFl1VtIn4,Ugx5ebTjqaaMMfbu5MZ4AaABAg,@유리youtube-v4o,ㅡㅡㅡㅡㅡㅡㅡㅡㅡ,0,2019-01-08T13:35:17Z
65orxF_-XKw,Ugxeev-9HJ2A3g9zRId4AaABAg,@수박페페-q5k,작은 애기 소리 쩌렁쩌렁한거 봐 진짜 떡잎부터 다르네,966,2024-12-04T08:11:22Z
65orxF_-XKw,UgznWyr5RUf0bd8Fjj54AaABAg,@lawscool8359,송해선생님 왜 그렇게 인기 많았는지 알겠네요 진행에 인위적인 느낌이 하나도 없고 물흐르듯이 자연스럽네요.,257,2025-01-21T13:38:00Z
65orxF_-XKw,UgwTXucwh0nRVMQMfI14AaABAg,@하누종준,"송해 선생님은 리얼 명mc네...  남,녀 노,소 매끄러운 진행에 무릎을 탁 칩니다",533,2024-06-03T05:07:42Z
65orxF_-XKw,UgyRyq9w-ehLH70N2394AaABAg,@잼잼살자,"유투브로 타임머신을 타고
어린시절 소희 노래를 들어보네.진짜 타고 났구나.",355,2024-10-20T14:44:29Z
65orxF_-XKw,UgxiEj6GWOuhk40Vund4AaABAg,@Ben_815,조막만한 콩알같이 귀여운 아기가 시조 척척 읊으니까 할머나 할아버지 눈에 너무 반갑고 그리운 눈빛이 도는게 감동임,147,2025-03-03T13:58:41Z
65orxF_-XKw,UgyJ9eXIPTEOv_XhXP94AaABAg,@박성범-s1y,어린나이에 저리 씩씩하고 까랑까랑하게 잘도 불렀구나 ㅋㅋ 기운이 좋구나,163,2025-02-16T11:16:47Z
65orxF_-XKw,UgzKLR0nWxpCiXihCUt4AaABAg,@끼오-p1u,Not a dream 듣다 여기까지 왔음..,1826,2025-01-21T11:12:51Z
65orxF_-XKw,UgwftrTfJYnR8Udv5dx4AaABAg,@doublea1804,0:52 장구 뚜드리는 소희 기여워,292,2025-02-01T11:15:50Z
65orxF_-XKw,Ugy8OJ0vlbRyENKoUh94AaABAg,@1002-n6y,"고.송해 선생님께선 일요일 노래자랑의 전설이시고
소희양은 민요의 전설적인 인물 됐습니다.
잘 크고 잘하고 있는 소희양 이지만 앞으로도 더 잘 돼도록 먼 하늘에서 잘 보살펴 주세요..
송해 선생님 명복을 빕니다..",246,2024-04-11T16:57:09Z
65orxF_-XKw,UgwtwsS_aVtF_SgwOyB4AaABAg,@soundgood-k5q,not a dream 듣다가 여기까지왔는데 송해선생님 살아생전에 소희양에 웃는모습이 보니 괜히 눈물이 난다 세월이 야속하니 내나이 50이되니 눈물이 많아지는구나 ㅠ,257,2025-01-22T15:25:48Z
65orxF_-XKw,UgyfxLIlZPcph-Tjo8d4AaABAg,@최정은-k5w,흑인소울만 듣다가 우리가락 듣고 뒤통수를 쎄게 맞은 느낌 이렇게 멋스러웠나 인생사 시시콜콜 애닮음속에서도 당당함을 부르짖고 있다,283,2024-07-27T06:51:48Z
65orxF_-XKw,UgwWiYG9KlHnYn1fSbR4AaABAg,@taedokim6658,"똑똑 하다
송소희
국악이 이처렁 아름답구나",426,2024-08-20T12:24:10Z
65orxF_-XKw,UgyRw5aQn-R4Z7O8gtV4AaABAg,@singingflower1046,우~와 송소희 목소리 맑은것 봐 8살 어린아이 에게서 저렇듯 맑고 깨끗한 목소리가 나오네요,542,2023-03-23T04:04:05Z
65orxF_-XKw,UgwaNnu6ugvFyOdhwGh4AaABAg,@Prunuss,송소희보러 왔다가 간만에 송해선생님 얼굴도보고 좋네요,103,2025-04-27T02:00:32Z
65orxF_-XKw,UgytF3Y_owEc9K9zkFJ4AaABAg,@노마옥,"떡잎부터 알아 본다는 말,
소희양을 두고 한 말이네요.
기가 막히네요.",673,2024-01-20T14:15:59Z
65orxF_-XKw,Ugyd0B_ngfEDnjqkVct4AaABAg,@shh1114,송해 할아버지 그립네요.. 너무 따뜻하고 정겨운 진행,824,2023-03-21T13:48:18Z
65orxF_-XKw,UgwkiniFuVdLpbmocwt4AaABAg,@oklimkim106,"이걸보고
될성부른나무
떡잎부터다르다
하는거겠지 ㅠㅠ",97,2023-03-22T21:54:40Z
65orxF_-XKw,UgzO6BqwT96GKLkfgrp4AaABAg,@heejun7846,"장구 치는 송소희!!  ^^
지금으로써는 상상도 할 수 없는 자리네!  탑 스타가 되었으니...  이쁘고 귀여워요. ♡",37,2025-11-22T12:50:23Z
65orxF_-XKw,UgzErCHB0OUDzcIWM8N4AaABAg,@k노베지움,전국노래자랑 결선에서 국악으로 상을 탈수 있다는 걸 보여준 국악의 미래였네... 어른들이 국악을 하면 당연한듯 외면하던 세상이었는데.... 소희의 스타성을 볼수 있는 장면들 중 하나...,12,2025-05-25T16:47:36Z
65orxF_-XKw,UgxqmErrmSWugm-7X-F4AaABAg,@eeeing,진짜 어린 나이부터 실력도 좋고 국내 원탑인듯,155,2023-10-27T05:56:42Z
65orxF_-XKw,UgzYnrASRzO-DU-FRa14AaABAg,@missualot,10:19 트로트보다 천만 배는 멋진 우리의 소리.,117,2023-10-25T13:30:28Z
65orxF_-XKw,UgyAE2oPOSZ_CRzVxFx4AaABAg,@P달빛요정,송소희 쪼꼬미시절 ㅋㅋㅋ 목청이 우렁차네 ~~~ 송해선생님 더 대단하고 신기함 오돌또기 노래 따라 부르심,18,2025-10-31T03:20:58Z
65orxF_-XKw,UgyquMoeLUN2HtHcx8F4AaABAg,@짱-q9b,애기수달처럼생겼다ㅋㅋㅋㅋㅋㅋㅋ,817,2023-10-26T06:50:00Z
65orxF_-XKw,Ugz7PqUMsH0yP5GaiM14AaABAg,@차부운하게,17:08  스타성은 어릴적부터 타고났네요..진짜 국보네,44,2024-11-05T16:53:03Z
65orxF_-XKw,UgzY0pGDzr_DMpg6Gud4AaABAg,@피라핏,"국보급 타고난 소리꾼 목소리입니다
길이 길이 빛내주시길...",347,2023-09-09T14:08:52Z
65orxF_-XKw,UgwMp7yuA32ydbsM0vl4AaABAg,@차부운하게,10:20  와 실력 엄청 늘었다...여전히 뽀시래기지만..와,38,2024-11-05T16:46:24Z
65orxF_-XKw,UgwsW5fjjaeWsxf-39N4AaABAg,@goldstacker9999,"초1 노래 보다가 초5 11살 때 노래 시작하는데
그새 여문 노래 가락이 소름이...
부모는 어찌 알아보고 시켰을까
감사합니다",33,2024-11-03T18:00:53Z
65orxF_-XKw,UgwAdS1JW1IJtHbOtPt4AaABAg,@관세음-l3d,애기 수탈 처럼생겨 는데 지금은 넘 이뿌고  국보급 이 되어있네요😅,93,2024-08-16T01:50:01Z
65orxF_-XKw,UgwqEOXGSkYfluq5R954AaABAg,@rmkim9673,조래조래 생겼던 아이가 요래요래 소희가 되었네.고대로 빵튀어 놓은 자연미인소희.이렇게 성장하기도 정말 어려울텐데 잘도 컸다.,23,2024-11-16T07:01:06Z
65orxF_-XKw,UgyHvtf9y30FlPvlvEZ4AaABAg,@edueunjoo,어이구.. ㅠㅠ 이렇게 커왔구나. 너무 어린 나이에 얼미나 많은 것들을 겪고 노력하고 참고 애쓰고 삭히고 이겨냈을지 보면서 눈물이.. 소희 잘 컸다 정말. 정말 잘 컸다. not a dream 이 이렇게 탄생했구나,10,2025-04-12T11:14:57Z
cTwBROEnB0U,UgwnzPW7rxW86zxAFCB4AaABAg,@khj9121,박 주은사랑해,0,2023-09-05T14:25:40Z
rGIWPLTklCo,Ugz3qdAmW1ZesrXVnMR4AaABAg,@S.T.S.smilekids,"질풍가도 쇼츠 조회수 🎉 700만 돌파, 여러분의 응원 덕분입니다!
설쌤의 파워풀 무대와 아이들의 열정💃
“질풍가도”는 그냥 퍼포먼스가 아니라 감동 자체🔥
함께 소리 질러주세요!! 🙌",81,2025-09-27T07:09:36Z
rGIWPLTklCo,UgyCuAWFlqeB2YjlgIF4AaABAg,@팀할리갈리,애들에게 저 선생님과 함께한 시간은 평생 추억이 될거야. 어찌 저런 열정적인 선생님을 평생에 한번이나 만나볼까. 마치 죽은 시인의 사회의 존 키팅 선생님 같은....,66,2025-11-09T08:26:13Z
rGIWPLTklCo,UgwC3XHP7O5JO5cGUjp4AaABAg,@sonyasoyeon,하.. 왜 눈물이 나냐 이거 .. 💦,56,2025-11-04T10:49:13Z
rGIWPLTklCo,UgySBhzR4FERj91Hf0N4AaABAg,@엔돌핀-i6y,뽀시래기들과 저 어둠의 이미지 스멀스멀 뿜는 강마에의 이질적 조합ㅋㅋㅋ,51,2025-09-30T15:27:22Z
rGIWPLTklCo,Ugx1_BAzIMZEpeOrzzd4AaABAg,@서미소-c3q,저는 애들도 애들인데 설쌤이 더 대단하다고 생각되어지는건 저만 그런가요? ㅎㅎㅎ 저 엄청난 열정 어떻게 할꺼에요 ㅎㅎㅎ 응원합니다 ㅎㅎ,34,2025-09-30T16:14:41Z
rGIWPLTklCo,UgzQIK1p-PMbK5cE0t94AaABAg,@StarryPasture,"이렇게 까지 단결하고 협동하는
과정의 노력이 얼마나 컸을까요. 감동 입니다.
최고임.❤❤",50,2025-09-30T04:45:24Z
rGIWPLTklCo,Ugx9TyC8eKHzT-lTXdx4AaABAg,@sjyh1017,"넘~멋있다!!!!!!!!애기들인데두 어쩜 이리 멋있
니~~~~~~~^^",68,2025-09-29T12:10:09Z
rGIWPLTklCo,Ugz23vtJoxKg5bmZpvN4AaABAg,@코로레쭈쭈빠레로,이것이 멋진 어른의 영향력이란 것인가 소름돋도록 멋지다 캬❤,62,2025-09-27T15:13:34Z
rGIWPLTklCo,Ugw3IJGx9Qjc_cATk7R4AaABAg,@굳굳-d8o,아니 저 쪼그만 친구들이 어쩜 저렇게 야무지게 하는거야~~~괜히 울컥하네ㅠㅠ,46,2025-09-30T11:20:52Z
rGIWPLTklCo,UgxZgNFcFWnCPVrtrPt4AaABAg,@혜련김-s3t,볼때마다 느끼는거지만 그선생에 그제자들이네요ᆢ파이팅 지긴다~~~~ㅎ ❤❤❤,31,2025-10-01T05:00:35Z
rGIWPLTklCo,Ugw_ekeQHJVjMtX4a6p4AaABAg,@KKONGKKONG-y9v,"그러췌!!!
응원은 기세야 기세!!! 가자!!!!",35,2025-10-01T12:28:45Z
rGIWPLTklCo,UgzX-57dxb6IkST41814AaABAg,@gyuin-j6s,지금 힘드신분들 이친구들 보며 힘내시길 바랍니다...🥲,48,2025-09-29T12:11:03Z
rGIWPLTklCo,UgwCD1vuch7ML38VmNl4AaABAg,@망나니회장,"와우~감동감동~
우리 아이들 세계대회 나가야 할듯요.ㅋ
일단.무조건.대상",22,2025-09-27T16:25:28Z
rGIWPLTklCo,Ugz_F9Mdb5uSfQaU9Qx4AaABAg,@목표100명,"보고 울면 요즘 힘든가보다.
펑펑 울었네. 보면서.",12,2026-01-01T11:20:43Z
rGIWPLTklCo,Ugwl8J7c5o1wsCKC75t4AaABAg,@Ten_Five55,선생님 너무 멋지십니다,46,2025-10-01T07:15:48Z
rGIWPLTklCo,UgyjxlO947v3vlSPKRN4AaABAg,@김용국-g9r,이영상보고 마음도 울컥해지고 힘이납니다 다시한번 용기를준 이명상 감사합니다,13,2025-10-19T06:35:55Z
rGIWPLTklCo,UgxOLH4JHoQfDOunQrB4AaABAg,@herogood4491,"미쳤다는 말밖에ㄷㄷ
티쳐의 광기와
아이들의 열정과
국카스텐의 미친선곡까지ㄷㄷ",3,2026-02-28T19:52:06Z
rGIWPLTklCo,UgzoAsY-UDiAA6HA04l4AaABAg,@지금밥하러갑니다,"미쳤나봐요...우아,.
대박입니다..
친구들 진짜 대단하다...",9,2025-10-03T12:52:25Z
rGIWPLTklCo,UgywZzSQnO0Xztgef1J4AaABAg,@타조표비니루,저선생님한테.안무배우고픔 ㅋㅋㅋ,10,2025-10-31T14:16:59Z
rGIWPLTklCo,UgwYq02TRpJAOT1d4lR4AaABAg,@yjj192,"아따 빠이팅 넘치네
최고🎉🎉🎉❤",8,2025-09-29T18:51:05Z
rGIWPLTklCo,UgyH6YtoDAeB5HAyTTJ4AaABAg,@조현경-f3h,심장이뛰어욧설쌤,7,2025-09-28T01:10:13Z
rGIWPLTklCo,UgzcxHAo5yMsmFmLaTt4AaABAg,@윤정희-승만,정말 너무 멋집니다 응원합니다❤,6,2025-10-02T02:37:55Z
rGIWPLTklCo,Ugy0l3TjE8BXUt_5Ma94AaABAg,@박지현-d1w,"7살 아이들이 부모님께 보여드릴려고 얼마나 노력하고 연습했을까 선생님께서도 수고많으셨구요 이쁜이들도 수고많았어 😊😊😊😊
저렇해 열정있으시구 아이들 사랑으로 가르쳐주시면 믿고 맡길수있지😊😊😊😊",3,2025-10-01T07:32:13Z
rGIWPLTklCo,UgzzU7ChG2CbZTNsw-R4AaABAg,@김지영-b8h,이쁘고 귀엽고 멋지네요. 어른들도 힘이납니다. ❤❤❤,3,2025-09-30T06:28:19Z
rGIWPLTklCo,UgwGy3_liV95BH6OFfZ4AaABAg,@모닝꿀,왜 울컥하죠? 너무너무 잘했네요!!,2,2025-11-30T05:47:07Z
rGIWPLTklCo,UgwRQvnn_s89xVtMnAF4AaABAg,@okihana3799,내가 저 시절로 돌아간다면 꼭 저 선생님 밑에서 저렇게  활동 해 보고 싶네요. 60대 할머니가~~^^. 너무 멋져요,1,2025-11-13T10:05:26Z
rGIWPLTklCo,UgzokLTIP82qK105AZZ4AaABAg,@무애-n5g,"와!!!!!
너무 멋있어요!
선생님두 우리 아이들도!!^^
사랑합니다!!!^^♡",2,2025-10-31T14:34:07Z
rGIWPLTklCo,Ugx14JnUGHAnC4Itd6N4AaABAg,@조소영-8p,아이들만큼 선생님께서 열정이 넘쳐서 저 또한 웃음짓게되고 열정넘치시는 선생님께 배우고싶어요❤,1,2025-10-26T08:30:27Z
rGIWPLTklCo,Ugw6wKkr-wJyrv3WA5F4AaABAg,@앗뉴냥,너무 기여운 아이들 너무 멋져요 이모인 제가 봐도 반할거같아요~ 멋지다 ❤❤❤,11,2025-09-27T07:59:49Z
rGIWPLTklCo,UgynEDYxMJa6wK79dlh4AaABAg,@민강-v1v,"뽀시래기들 왤케이쁜겨
애들 부모는 얼마나 대견에 할까",2,2025-12-01T11:13:11Z
Dpg0iNlpNVQ,Ugy58Zjbk31IC7e8wah4AaABAg,@강희김-w3v,또봐또봐도 재밌어요❤❤❤❤❤,1,2023-10-18T09:42:19Z
Dpg0iNlpNVQ,UgwEY8vR_hXPRJ9GIv94AaABAg,@박예서-d3v,우리소고선생님!!!!,4,2021-11-18T09:51:53Z
Dpg0iNlpNVQ,UgwH45u9FCrqNkfNrfJ4AaABAg,@야야야야야ZZ,11:18 소금 소개할때 사랑을 했다 우리가 만나 노래 나오는것 같아요!,0,2025-12-29T11:50:59Z
Dpg0iNlpNVQ,UgzxEj0i7asBqUGVytB4AaABAg,@강희김-w3v,엄청 노래 잘하세요🎉🎉🎉🎉🎉🎉🎉🎉🎉🎉🎉,1,2023-10-18T09:41:24Z
Dpg0iNlpNVQ,UgzgXVayMz0CqVWTL5R4AaABAg,@jinyoungyu3703,"호랑이님이 너무 연기를 잘하네요~^^
너무너무 잼나요~!!!
정말 최고네요~ㅎㅎ",3,2020-12-31T10:56:51Z
Dpg0iNlpNVQ,UgzQCoGjUW8-X4K8Jrx4AaABAg,@peterlee5349,우리 아이가 보고 너무 좋아해요~~,5,2020-12-31T01:59:39Z
Dpg0iNlpNVQ,UgwNt_ElL7iuZne1bnx4AaABAg,@hani_somi,아이가 너무 좋아하네요~ 오늘은 이거다!,4,2020-12-31T03:54:43Z
Dpg0iNlpNVQ,Ugx35u9edfO8ALNhhAd4AaABAg,@꿀꺽장어,아이코 넘 재밌어요~ 아이들과 같이 신나게 봤어요^^,6,2020-12-31T01:51:05Z
Dpg0iNlpNVQ,Ugw4Pxy9cq52ULypsn54AaABAg,@hellodali5040,잼있어요~~ 조카들이 잼있게 봤어요. 아이들이 국악에 더 친숙해진것 같아요^^,4,2021-01-01T10:12:14Z
Dpg0iNlpNVQ,Ugx-CC4kOjJMNnbPKbB4AaABAg,@김동환-c7z,호랑이가너무귀여워요,1,2022-04-19T00:03:09Z
Dpg0iNlpNVQ,Ugy9JknmmPonk33kJkR4AaABAg,@moneyhoonable,너무 재밌어서 시간가는거 모르게 봤네요 👀  👍,5,2020-12-31T00:30:35Z
Dpg0iNlpNVQ,Ugw_Op56kVL-deFHGhR4AaABAg,@이혜섭-q3s,"뽀로로, 로보캅폴리 이런 로봇좋아하는 조카한테 보여줬는데 의외로 엄청 좋아하네요 ㅎㅎ 이런 컨텐츠 자주좀 부탁드려요 ㅎㅎ",4,2020-12-31T10:38:40Z
Dpg0iNlpNVQ,Ugzg_7d7gNVMIEapG1t4AaABAg,@끼리빠-o9r,잼있게 잘봤어요 감사합니다~~,4,2020-12-31T07:42:40Z
Dpg0iNlpNVQ,UgxXqae-TSO98JSd_ht4AaABAg,@타로의집,우리 아이가 호랑이를 만만하게 생각할까봐 걱정이에요🤔,5,2020-12-31T02:25:31Z
Dpg0iNlpNVQ,UgxQZazO5ctXoqNlNn54AaABAg,@김동환-c7z,악기대장나키보드치고싶다,2,2022-01-01T10:49:58Z
Dpg0iNlpNVQ,Ugxs45j69kNV03slmMp4AaABAg,@나윤아빵티비,아이가 보고 너무 재밌어하네요~~,4,2020-12-31T03:23:06Z
Dpg0iNlpNVQ,UgyfUDHt6y7qRgGilnl4AaABAg,@최성태-r1i,재밌게 잘봤어요 사촌동생한테도 보라고 해야겠어요~,4,2020-12-31T10:05:36Z
Dpg0iNlpNVQ,Ugw1VTcooFguS0gVL654AaABAg,@uhyung4544,호랑이가 너무 귀여워요~^^,5,2020-12-31T10:37:52Z
Dpg0iNlpNVQ,Ugz-dNtENlLU8R0qSnZ4AaABAg,@jonggunheo7566,애기들이 너무 신나 하네요 ~ 호랑이가 너무 귀여워요 ㅎ,4,2020-12-31T03:54:29Z
Dpg0iNlpNVQ,Ugy_59kT_J1IOSZMRTd4AaABAg,@최은서-u5c,저희둥이도 좋아하네용~~~^^소리가 너무 좋아욧,3,2020-12-31T12:22:25Z
Dpg0iNlpNVQ,UgwwqG06FMKyfdad_bh4AaABAg,@MARC-xy8wp,16:16 대금 관악기 수업에 참고하겠습니다 ㅋㅋ,1,2022-10-06T01:12:41Z
Dpg0iNlpNVQ,Ugy_UOcp8TBNXD5GLAl4AaABAg,@김동환-c7z,호랑이랑같이사진찍어주세요,1,2024-07-22T11:23:06Z
Dpg0iNlpNVQ,Ugw3kbkwb58i_Y7VRqh4AaABAg,@김동환-c7z,호랑이보고싶어요,1,2022-05-05T00:16:48Z
Dpg0iNlpNVQ,Ugw5EqIcgx_K9XWD88x4AaABAg,@김동환-c7z,나도키보드치고싶어요,1,2022-01-18T05:59:46Z
Dpg0iNlpNVQ,Ugy0tDitH3kzl81DafZ4AaABAg,@김동환-c7z,돼지장난감큰거갖고올께악기대장,0,2026-05-27T12:13:28Z
Dpg0iNlpNVQ,UgwRdmb7IegS2TwUthJ4AaABAg,@agnes-bbbbb,볼륨이 너무 작은데 저만 그런걸까요?ㅜㅜ,1,2023-10-19T06:26:24Z
Dpg0iNlpNVQ,UgwseBHnwPjwwEP-M7R4AaABAg,@김동환-c7z,건반키보드치고싶어악기대장,0,2026-05-27T12:13:58Z
Dpg0iNlpNVQ,UgxHwDadtDj8aWvYg6R4AaABAg,@go2heaven-n5w,9:30 악기소개 시작,1,2022-06-06T08:05:20Z
Dpg0iNlpNVQ,Ugz_LL166xE90Uyk1uh4AaABAg,@김은채-n4g,21:57,1,2022-03-23T10:51:21Z
Dpg0iNlpNVQ,UgxTFzRG6BhBZUTGrU54AaABAg,@김동환-c7z,장구,1,2022-04-19T00:02:54Z
1gkmUB8GRlo,UgyCKSCfnfYSB-45HJt4AaABAg,@김민옥-z4e,Every people in this video are good at playing Sogo.,3,2020-12-07T01:08:04Z
1gkmUB8GRlo,UgyvxG_AGNJQv5YBjEx4AaABAg,@김희진-o2n,소고춤이 아주 멋집니다효!,11,2020-06-23T02:13:36Z
1gkmUB8GRlo,UgxLV47dGbHxa-YAybt4AaABAg,@jjeong2972,대박이다 ㅇ👍👍❤,5,2020-05-25T01:29:02Z
1gkmUB8GRlo,UgytbcohS9e6wntOUPF4AaABAg,@jhy042,잘한다,3,2020-06-17T01:00:04Z
1gkmUB8GRlo,UgxKQLZ80zE_cCpk2lh4AaABAg,@mhyou521,그렇죠?,0,2020-06-09T00:40:00Z
1gkmUB8GRlo,UgymLZoU2kHp_T7cZhB4AaABAg,@이아령-i7v,잘한다.,6,2020-05-14T00:58:07Z
1gkmUB8GRlo,UgwYawsdVfrUjV1m0mp4AaABAg,@g-lotus525,헐..,1,2020-10-07T06:40:14Z
1gkmUB8GRlo,Ugwm5SgHseh_2gOBEph4AaABAg,@jehovah1978,이젠 알아서 찾아들가 귀찮어,1,2022-11-26T11:24:12Z
1gkmUB8GRlo,Ugz3vRbjkM3ww93D9kB4AaABAg,@fpark101,Very good for junior high school kids,1,2021-04-18T01:39:03Z
1gkmUB8GRlo,UgyGUk3m7VWLWZECQyR4AaABAg,@joymjh,팽이?,1,2020-05-31T23:55:57Z
1gkmUB8GRlo,UgwtTYdFwv_7NT2Vu1p4AaABAg,@이성임-o6i,온라인수업땜에오신분?,12,2020-07-16T06:11:51Z
1gkmUB8GRlo,Ugww4igkfgdqZPMCyPh4AaABAg,@오소리-s3v,아 소리,1,2020-06-04T00:16:31Z
1gkmUB8GRlo,Ugymf8hReu_9rGB4M_N4AaABAg,@최하연-v8o,"네,냉정지도부탁드려요",0,2025-08-01T00:50:52Z
1gkmUB8GRlo,UgysHhIaIUdBcVA6D5N4AaABAg,@hanool_09,링크좀쓸개요,0,2020-06-04T08:42:27Z
1gkmUB8GRlo,UgxqtmWhS7REUPz1g7B4AaABAg,@joungeunpa33,단아?,0,2026-03-25T00:59:02Z
1gkmUB8GRlo,Ugw-T9IFqur8JIf1MsZ4AaABAg,@ez1134,ㅠ,0,2020-12-14T00:26:20Z
1gkmUB8GRlo,UgzQ44lKLnQ0VphMysl4AaABAg,@그럴수달,올라인수업 싫오서..학교다니고 싶은데 막상 다니면..가기 싫을듯 ㅋㅋ,10,2020-05-11T05:19:56Z
1gkmUB8GRlo,UgyZPDhB82R9o4shrjl4AaABAg,@잠온다-n4o,이열,0,2024-03-27T14:16:49Z
1gkmUB8GRlo,UgwwwWujgXAUWqLSLLB4AaABAg,@녕프아이브,꾹봉이 차오른다,0,2020-09-15T02:40:56Z
1gkmUB8GRlo,UgxEicaVi9iHuoQn1lN4AaABAg,@임현화-i3e,e학습터ㅠㅠㅠㅠ,4,2020-06-16T04:10:34Z
1gkmUB8GRlo,UgxOqexx4xWQ6brMEm14AaABAg,@한은희-y3t,숙제..,1,2020-05-28T13:39:02Z
1gkmUB8GRlo,Ugx013bt0bsDpWx6SZF4AaABAg,@Unii.v,위두랑에서 온 사람 손 장복초에서 온사람 발!,1,2020-05-25T02:18:00Z
1gkmUB8GRlo,UgzKcA6flXtTHG8iobV4AaABAg,@sleep-off-day,"초등학생시절 그저 장난감이였던 소고가..ㄷㄷ
이런영상감사합니다!",15,2017-09-06T16:50:56Z
1gkmUB8GRlo,Ugw5Nt-is2Vkvgh_X4J4AaABAg,@마요-l5k,"와
와 대
와 대박 
와 대박 잘
와 대박 잘추
와 대박 잘추신
와 대박 잘추신다
+영상 안보고 댓글 쓰는 나...😅",2,2020-09-04T02:04:19Z
1gkmUB8GRlo,UgxbNqjFdlA7fx57DTp4AaABAg,@해튜브-l4k,야......이거 대부분 이학습터 땜에..........왓을거요??,13,2020-05-08T01:18:34Z
1gkmUB8GRlo,UgxV4fc2vcLnfWSsQip4AaABAg,@Sunshine1825-t1d,당신은 지금 영상을 틀어놓고 댓글을 봅니다.,1,2021-01-05T01:17:27Z
1gkmUB8GRlo,UgwIsSVGflgj9g-xuXF4AaABAg,@한성정-g5u,버선신으셧네요 여학생,0,2023-11-04T02:41:47Z
1gkmUB8GRlo,UgyKTJfW0yFRrrxGDIh4AaABAg,@카러플너클,소리 지르는 줄.ㅋㅋㅋㅋㅋㅋㅋㅋㅋ,1,2020-05-29T00:35:23Z
1gkmUB8GRlo,Ugx2Ctd9MJ_tohvUAB14AaABAg,@tagk123,와....우리나라....자랑스럽습니다,2,2022-04-02T01:14:33Z
1gkmUB8GRlo,UgwMOH4gN4sev3Ca2kd4AaABAg,@뽀시-x7i,아..소고 팔았는데..왜 이제 배워서..ㅜㅜ,9,2020-12-14T06:18:57Z
yRPkhIWn6i0,Ugyj28ZCpHnRYGIbM5t4AaABAg,@장동이-m9e,"애기 때부터 땀흘림서 이룬 오늘이어라.
수고했어 태연아. 
야무지기도 해라.
박정아 샘. 감사합니다.귀한 자료다",50,2026-02-09T10:59:45Z
yRPkhIWn6i0,Ugztx61bU1ddpmgddsJ4AaABAg,@루-r7u,지금의 태연양은 아기때부터 피나는 노력으로 쌓아진 실력이란걸 입증하네요 존경스런 태연가수님 세계로 이름을 날리길 기원합니다 ❤,109,2024-07-21T23:14:01Z
yRPkhIWn6i0,UgyfpQi6QI9dcgAYYc14AaABAg,@autumnsong3571,너무 귀여워 저렇게 어린때 부터 시작 했구나 그래서 이젠 성공한 가수가 되었지..,92,2025-09-04T21:29:25Z
yRPkhIWn6i0,Ugx2Fm28iCY19tdqkaJ4AaABAg,@MinwooIm,"4세에 박정아 선생님께
엄격한 교육 받았다는데
박정아 선생님 목소리네요
저 하늘 세상에서 태연이
많이 응원해 주십시요
나이 어릴 때도 자기 생각
말하는 태연 보세요
좋으면 좋다 싫으면 싫다
똑 부러진 태연공주 홧팅!!!!!",43,2025-11-20T00:09:39Z
yRPkhIWn6i0,Ugy3jaMCFa0iD70Db5p4AaABAg,@박정원-f6o,김판사  최고중최고 장르불문 감성천재 ❤❤❤❤❤만능태연,50,2023-09-18T15:58:43Z
yRPkhIWn6i0,UgyYm_9feTeBt3ODpdp4AaABAg,@KIMH-y8q,진짜 천재~,58,2025-10-22T09:09:41Z
yRPkhIWn6i0,Ugw2Ry-OSw1qw7tAal94AaABAg,@김경숙-g8l9n,아~유 땀난데요 😅선생님~~~ㅋㅋㅋ❤😂,23,2025-10-18T14:31:25Z
yRPkhIWn6i0,UgwCeU6SJJTlYx1-2Fx4AaABAg,@김순애-i2x,"태연인 정말 타고난 천재다
쑥쑥 자라서163Cm치 훤출한 아가씨가 되고 노래도 국악도 춤도 입담도
최상위급이다.
뭘해도 고급지고 최고이다.
항상응원할께....김태연 파이팅!!!",32,2025-11-10T10:45:03Z
yRPkhIWn6i0,UgxW-9MXkgSXVVmvZhR4AaABAg,@이순례-f1c,정말귀엽고  사랑스럽다❤,38,2025-09-29T20:48:44Z
yRPkhIWn6i0,Ugw9cJznzU3GchBtSbd4AaABAg,@금수강산-j7z,얼마나 힘들었을까 땀이난다네...  울태연 귀엽고 기특해요 쨩♡,50,2025-12-16T05:52:21Z
yRPkhIWn6i0,Ugz34uFoFlXjonjkViV4AaABAg,@똥-r9k,귀여운 울 태연  평생 꽃길만 거러 겁나 사랑해 태연양~~~,74,2025-09-29T05:21:54Z
yRPkhIWn6i0,Ugzj3yN5dmt2k29L2OZ4AaABAg,@중복이-q5s,얼씨구당tv김판사님 늘항상응원합니다 대한민국을 빛내구세계루뻐더나갈 재목이루커나갈수잇기를 진심이루 기도합니다.국악신동김태연 화이팅하세요♥♥♥♥♥♥♥,49,2021-02-01T22:31:18Z
yRPkhIWn6i0,Ugz_xIGbcDnQtXREQwZ4AaABAg,@박정원-f6o,"어릴때부터 
저 밝고 맑은 미소
태연아 사랑해
계속 보고있어",153,2025-08-15T11:37:11Z
yRPkhIWn6i0,Ugzs6mEDBCDzNB0wgzt4AaABAg,@고양시민-k,저두 미스트롯 울 아기호랑이 땜에 여기까지 온사람입니다...보고있으면 저절로 엄마미소가~~~~~~태연아 사랑해~~,115,2021-03-07T13:26:35Z
yRPkhIWn6i0,UgwiWPcRHHBmcZptJ6h4AaABAg,@루-r7u,볼수록  너무 귀엽고 이쁘고 사랑스럽고 대견하다. 떡잎부터 남달랐던 김태연  세계인에게 사랑받는 대가수로 성장하길 기도합니다~^^,48,2025-09-09T15:20:39Z
yRPkhIWn6i0,Ugy7SJYz3pe0azw3iSR4AaABAg,@박범석-v9x,아구 귀여워라,13,2025-09-29T10:47:52Z
yRPkhIWn6i0,UgwJuADVMT-9kSbAKGJ4AaABAg,@surin2298,태연이는 감정표현을 참 잘한다.,102,2021-02-24T17:21:02Z
yRPkhIWn6i0,Ugzo3MJ73_gQYR5TP3t4AaABAg,@명염김,예뿐공주사랑헤,14,2025-10-16T04:58:17Z
yRPkhIWn6i0,UgxUpDUDM8TfWwL-kEV4AaABAg,@행복한소나무,태연공주 어릴적모습귀여워요❤❤,23,2025-05-30T06:01:58Z
yRPkhIWn6i0,Ugxc1vGl6VEFFSckg-d4AaABAg,@노래하는직장인5499,아고~~~ 귀여워라~❤,15,2025-11-18T12:13:31Z
yRPkhIWn6i0,UgwSroS44XBYXA72Mh14AaABAg,@yung-y3y,"아우 귀여운 우리 태연이
정말 미인이다",21,2025-12-27T14:42:01Z
yRPkhIWn6i0,UgyO8YtUlB7o9NvG43Z4AaABAg,@강정옥-e7s,아유 귀여워 태연이는 정말신동 이네요 미스트롯 좋은결과 있길,51,2021-02-15T05:08:22Z
yRPkhIWn6i0,Ugwq5rw8z9VDBFZFEM54AaABAg,@박경미-y6h,노래까지 잘해요,9,2025-09-27T00:19:59Z
yRPkhIWn6i0,Ugy4JLOkKfngdLn70V14AaABAg,@christianahan6511,미스트롯 보다가  여기까지 온 사람 ㅋ,151,2021-02-12T11:26:51Z
yRPkhIWn6i0,UgxOoeps46seLANzLGd4AaABAg,@오향자-m2o,"기본기탄탄하고 실력으로는 그누구에게도 지지않는 김태연 
미래에 가요계를 이끌어갈 김태연 최고에요 응원합니다",5,2026-02-01T15:09:12Z
yRPkhIWn6i0,UgyPj1yT027vsMtsVjB4AaABAg,@긍정수경,오메 이사람아 천재일세 사랑스럽네 태연야🤍🤍💜,25,2025-10-22T05:26:43Z
yRPkhIWn6i0,UgwkR3fv0ZhQbjJ2iq94AaABAg,@홍시-w6u,요렇게   귀여운게  이만큼  예쁜 숙녀로  변해가고있지요~김태연   파이팅 ❤❤❤❤❤❤❤❤,21,2025-10-06T08:37:56Z
yRPkhIWn6i0,UgxfqTgRBZml7XtMj454AaABAg,@비빔면-w8l,너무 귀여워  예뻐라❤❤❤❤❤😂,22,2024-05-29T21:04:12Z
yRPkhIWn6i0,Ugzo3LWYQoXrCZedl6F4AaABAg,@재연유-y7m,태연이 는 얼굴 도 자연 그대로 -- 성형 안한 얼굴 이 너무 좋아요 -- 정말 너무나 좋아요 😀 노래 도 너무 좋구요 ! ♡♡☆☆^^🎉,17,2025-10-06T08:01:40Z
yRPkhIWn6i0,UgyQTylskIiKFOO-in94AaABAg,@김민정-o9w4r,태연이는 어린아이가 하는짓이 남다른 천재 조건 최고가수 ❤❤❤❤❤❤❤❤❤❤❤❤❤,20,2025-03-14T01:44:10Z
6pWY0GvIX0o,UgyQ0H9xHT8MeZ9MYip4AaABAg,@탁친,"고맙습니다. 기획하신 선생님들 과 강추위에 현장에서 온몸을 던져 공연해 준 애국소년,소녀 여러분!
저도 보면서 울게 됩니다.",485,2025-03-04T11:46:23Z
6pWY0GvIX0o,UgycP-3U_hJ9ETJhull4AaABAg,@맘이행복,"감동입니다.
어른으로써 부끄럽고
피흘려서 지켜온 독립이고  민주주의인데ㅜㅜ",354,2025-03-04T09:50:27Z
6pWY0GvIX0o,Ugy0iqLOTGdgrNwCdnB4AaABAg,@theconceptofmind5576,"감동으로 눈물과 함께 했습니다    예쁜 어린이들을 사랑하고 자랑스럽습니다
고맙고 고마워요 .. 인도하신 선생민께도 존경과 감사드립니다
사랑스러운 어린이들과 나의 손주들도 함께...  미래의 꿈을 펴나갈 자유 민주 대한민국 만세!",219,2025-03-05T04:31:24Z
6pWY0GvIX0o,Ugw2ODoiyWRxdxMb0dx4AaABAg,@미소-k6l2x,이 아이들에게 자유민주주의 대한민국을 물려줍시다 감동으로 더욱 힘이 납니다,323,2025-03-04T12:47:46Z
6pWY0GvIX0o,UgyZHo4P0AX3iWXpqGd4AaABAg,@푸르다-p5n,저 어린나이에  내나라를 위해 ᆢ목숨받쳤던 독립운동가ᆢ 하염없이 눈물이 흐릅니다 결코 쉽게  할수없는일입니다 감사합니다,56,2024-09-02T17:05:03Z
6pWY0GvIX0o,Ugxww2OaJv1id3J5YYV4AaABAg,@이상훈-e7z4g,"눈물이 납니다, 엄청 추운 날씨에 나와서 공연해준 어린애국 어린이들과 지도해주신 선생님께 감사드림니다. 잘 키워주신 부모님들께도 감사드림니다.
우리 손주들에게도 공유하겠습니다.",149,2025-03-03T02:29:16Z
6pWY0GvIX0o,Ugw6LFdbH_M8ntBT7WJ4AaABAg,@아이고야-b6j,이렇게 우리 선조가 지킨 우리나라 자유대한민국을 지금 우리가 다시 다른이에게 내던지고 있습니다..너무 원통합니다. 아직도 그걸 모르고 있는 국민이 있다는것이 더 원통합니다.  반드시 지켜야합니다. 자유대한민국,114,2025-03-07T03:03:46Z
6pWY0GvIX0o,UgxzzJiWD7okj7m0XwJ4AaABAg,@bora-m4x,사랑스러운 우리대한의 딸들 ! 앳된 모습에 똘망한 눈빛이 너무도 총명하고 사랑스럽다    가슴이 벅차 뭉클하여 순간 눈물이 흐른다  희망찬 미래가  눈앞에 펼쳐져 보인다 심장이 요동친다  환호를 보내며 힘차게 박수를 쳤다 우리는 일어나고 있다 우리의 미래는 더욱더   찬란하게 빛나리라,90,2025-03-06T08:50:29Z
6pWY0GvIX0o,UgzZBONu18OUqHO9Wa94AaABAg,@달콤사탕-y1z,추운데 아이들이 정말 잘하네요 순수한 아이들이 90%배가 기울여진 나라 말고 쎄쎄한 나라 말고  자유민주주의 나라를 바로 세워서 곱게 이쁘게 잘 커주렴 응원 한다,154,2025-03-03T05:14:14Z
6pWY0GvIX0o,Ugx7HQ5xx5kN3Rsjc0x4AaABAg,@Oh-eb6be,"봐라 이것이 대한민국이다 
우리의 미래가 얼마나 밝은지
지금 실의에 빠진 자들이여
일어나라
염려와 걱정은 백해무익하다
걱정할 바에 기도하라 그리고 믿어라
너는 승리자라는 것을
믿음은 실제보다 더 진실하다
믿음은 바라는 것의 실상이다",54,2025-03-03T09:01:37Z
6pWY0GvIX0o,UgzCGlMfus7Lgqp7jMd4AaABAg,@서진숙-y2g,요즘  많은  어른들의  어리석은  망상으로  나라의  정체성이  흔들리고 있는데  이  어린아이들한테  너무나  부끄럽고  개탄스럽습니다 .  이러다  정말  다시  독립운동해야 할  판입니다,165,2024-08-25T11:42:51Z
6pWY0GvIX0o,UgzFNZsQeESePfsgkWd4AaABAg,@mibunyou3780,"너무 추운 날씨인데 우리 어린이들 고생했어요.
참 맑고 깨끗한 아이들 앞으로 맘껏 뛰놀며 행복한 나라 되길 기도합니다,",181,2025-03-03T15:10:09Z
6pWY0GvIX0o,UgxmI6-ue_XMvJiZlut4AaABAg,@3388.늘처음처럼,"백만넘는 조회수가 부족하네요 5천만도 아깝지않네요
응원합니다 강하게 격렬하게 열렬히 
고맙습니다 ❤
눈물지으며 고마움을 전합니다🎉",94,2025-03-05T11:21:28Z
6pWY0GvIX0o,UgxIkIpO-XX5-F7i90l4AaABAg,@다현-k5h3g,"50대 아저씨 입니다. 선생님~너무 고맙습니다, 그리고 기특한 학생들이 너무 사랑스럽습니다. 가슴에 눈물이 흘러 내립니다. 우리 후대를 위해서 더 좋은 세상은 만들기 위해 노력하겠습니다,  좋은 공연 가슴속에 잊지 않겠습니다!!!!",77,2024-08-30T07:06:49Z
6pWY0GvIX0o,Ugwm3ddkrCgB6R1N24R4AaABAg,@조정화-g9w,저리도  맑고  깨끗한 아이들이 좋은 👍 대한민국 을    ㅇ만들어주어야한다  우리 기성세대가~,102,2025-03-02T09:55:15Z
6pWY0GvIX0o,Ugz9bsJoRf3tAWYwyaZ4AaABAg,@박주식-z9b,이 아이들이 누군고? 너무나 감동적인 노래 얼굴 표정 고맙다 이런 아이들이 있어 대한민국 만세이다!,144,2025-03-05T08:13:51Z
6pWY0GvIX0o,Ugx6jvfnBz7O8KFhUVx4AaABAg,@김영섭-o7w,"독립을 그리 힘겹게 했건만
나라는 두 동강
그리고 그 안에서 또 분열
무엇이 옳고 그른지
판단 못하는 정치인과 백성들
나라가 우선이 아니라 자신들의
이익이 우선인 이성 잃은 집단들
나라를 위해 희생하신 분들이
지금의 이 나라를 보신다면
가슴치며 피눈물 흘릴것이다.
다만, 이 아이들로 
위로를 받을것 같습니다.",95,2025-03-06T14:26:31Z
6pWY0GvIX0o,Ugz3QpPZUxzR3CQghEV4AaABAg,@순수고,"아이들이 너무 잘하네요~ 감동적입니다.
대한민국의 미래가 밝습니다.",95,2025-03-06T05:23:30Z
6pWY0GvIX0o,UgznYvARkJ2qMdGkmxd4AaABAg,@나무늘보-r6c,이 공연은 진짜 깜짝 놀랄만한 큰 감동을 준 공연이였습니다 가슴속 깊이 애국심을 불지르는 공연입니다,48,2024-09-05T06:39:24Z
6pWY0GvIX0o,UgxVeWzSHLkAkTUp2Ad4AaABAg,@fdcf5613,"추운데 고생이 너무 많았는데  어른들은  미안한것이 많구나
공연에 눈물이 난다.",70,2024-09-04T13:26:46Z
6pWY0GvIX0o,Ugz7XKyQMxPI0xSXu6N4AaABAg,@justice4947,"진정한 애국자들!
감사합니다.
축복합니다.
그리고 부모님들도 훌륭하십니다.
아이들을 잘 키워주셔서 감사합니다.",58,2024-09-01T13:31:40Z
6pWY0GvIX0o,UgyA60s0Y7DUG5qjFvZ4AaABAg,@엉클72,"역사를 기억하고 가슴에새기자 
대한독립만세!!!
감사합니다  그리고 기억하겠습니다 독립운동가 여러분",83,2024-08-23T10:37:04Z
6pWY0GvIX0o,Ugx_MpiVgZkE2ld-Ngh4AaABAg,@이덕배-f7g,어른들의 역사 의식을 이 꼬맹이들이 다시 살리다니.....참으로 기특합니다. 고맙습니다.,104,2024-08-26T04:34:53Z
6pWY0GvIX0o,UgxBNKqbDO8e6Haj7Xh4AaABAg,@김영희-i2w9x,이어린 학생들이 나라 에서  일어날 앞일을 마치 안듯  ᆢ가슴 절절하네요  ᆢ해맑고 순수한 이 아이들위하여 자유대한민국을  지켜주솟ㆍ,36,2025-03-07T07:14:50Z
6pWY0GvIX0o,UgxK_x05V5oyB1u16Ht4AaABAg,@도마1879,"부끄러운 줄 알아라
나랏일 하는 인간들아 
그리고 똑똑히 봐라
진정으로 나라를 위하고 생각하는 
어린 아이들에 아름다운 몸짓과 
나라를 위하는 외침을 들어라
추운데 고생 했을 아이들과 아이들을 지도 해주신 선생님 무엇보다 아이들 뒷바라지에 애쓰셨을 부모님들께 감사드립니다 ~",26,2025-03-08T02:28:33Z
6pWY0GvIX0o,UgyxzntuePDCnl8YsFV4AaABAg,@hakjalim4325,대단한 우리 어린이들 전국에 아니 전세계에 전합시다,106,2025-03-07T01:13:59Z
6pWY0GvIX0o,UgwLfgeLkETftzOJi6R4AaABAg,@jimineeU,모두 고맙고 사랑합니다. 조국을 위해 한 목숨 아까지 않았던 분들을 우리는 끝까지 기억하고 기념하겠습니다.,92,2024-08-27T03:33:34Z
6pWY0GvIX0o,UgzQsPDclZGo6W5lAs54AaABAg,@근옥이-p3s,보는내내 울었네요. 다시는 역사가 역순환 되지않게 !!!!  감동.❤❤❤❤❤,56,2025-03-07T00:44:50Z
6pWY0GvIX0o,UgwLTUPnlwU1YjGyl_14AaABAg,@klaus08156,"50대의 아저씨인데 눈물이 멈추질  않네요...요즘 시국과 겹치며...
우리 대한의 딸들 고마워요~",22,2024-09-04T12:50:43Z
6pWY0GvIX0o,Ugy7HiUcBI-woP7sGf54AaABAg,@모용이-b4q,이 아이들한테 미안하네요 무수히 많은분들의 죽음과 희생으로 다시 되찾은 대한민국 더좋은 모습으로 이아이들에게 물려주는게 어른들의 몫입니다 안전하고 자유로운 국가 강한나라 부끄럽지않은 나라 아이들에게서 배웁니다 역시 배움은 나이와 상관없네요 아이들한테도 배울건 배웁시다,64,2024-08-20T14:33:05Z
oOzZyBJoXS4,UgzCA8lJhO5avhl9deV4AaABAg,@다이브워녕,와~정말멋져요!,3,2020-12-18T01:31:14Z
oOzZyBJoXS4,UgxG9aIQLRusp4Ec38F4AaABAg,@hellroad85,멋져요 ^ㅡ^,5,2019-09-09T21:56:42Z
oOzZyBJoXS4,UgzfwnRP2XFM0G1DHJ14AaABAg,@psqw1,너무멋저요^__^,4,2020-06-30T02:22:22Z
oOzZyBJoXS4,UgytvcIbjLZdTO-torh4AaABAg,@summer-mind,"아그들이 정말 잘 합니다~~~
미래난타계의  거목이네요~~~♡",0,2023-05-01T11:01:09Z
oOzZyBJoXS4,UgwtnW2MDnqeanXcqod4AaABAg,@다이브워녕,5:19여기부터 대박나네?,4,2020-12-18T01:39:49Z
oOzZyBJoXS4,Ugx2FH7a6ytpoGR0e5F4AaABAg,@무지개-d2j,일본 '드럼 타오' 를  베껴서  한국 해병대 군악대에서 연주하더니... 우리 아이들도 따라하고 있네요.,0,2025-01-18T16:09:08Z
oOzZyBJoXS4,UgyPAoVKtcnTm4k39SN4AaABAg,@sh_lily7490,안녕하세요. 초등교사입니다. 영상을 온라인 음악 수업에 사용해도 될까요?,4,2020-11-19T05:03:56Z
oOzZyBJoXS4,Ugw9kqhHTwrw7laurEd4AaABAg,@다이브워녕,우리학교에도 난타하는뎁 이거위두랑 으로틀어서 치현초,2,2020-12-18T01:41:37Z
oOzZyBJoXS4,Ugykd5PdvHY-j2Szx2Z4AaABAg,@HDYWK2JH,"겁나 오래하넼ㅋㅋㅋㅋㅋㅋㅋㅋㅋㅋㅋㅋㅋㅋㅋㅋㅋㅋㅋㅋㅋㅋㅋㅋㅋㅋㅋㅋㅋㅋㅋㅋㅋㅋㅋㅋㅋㅋㅋㅋㅋㅋㅋㅋㅋㅋㅋㅋㅋㅋㅋ

















































하는사람 있다",3,2020-11-27T03:15:11Z
oOzZyBJoXS4,Ugz38rDaaC0aFTpy_yJ4AaABAg,@Yidaeho,아이들 정말 잘하고 있는데요.. 가르치는 분이 잘 모르시는 것 같아요. 국악회인데...이건 국악이 아닙니다. 일본 음악이네요. 일본 다이사이...,2,2022-12-13T07:10:10Z
oOzZyBJoXS4,Ugy8fCgkHDpouQSN0ex4AaABAg,@lovely37888,10분 4초 겁나 기네ㅋㅋㅋ,2,2020-09-03T01:51:05Z
oOzZyBJoXS4,Ugz-HDpJeq7QcddUUO94AaABAg,@흑백사진관,"하….......………-.,-;",0,2021-05-10T01:28:07Z
oOzZyBJoXS4,UgwmMTSEavTe5hXTZLh4AaABAg,@page.seobin,........................하,3,2020-09-07T01:52:47Z
qc-wsbdtiGo,Ugx_D9RF7vgXY6-jkj54AaABAg,@khanguyenthimong6340,😊,4,2025-01-12T07:21:28Z
qc-wsbdtiGo,UgwI_UO1v4uq5nSFmOF4AaABAg,@정군옥-n7k,너무 재미 내,0,2026-01-11T04:26:28Z
qc-wsbdtiGo,UgwOa4owb-CLil9nrux4AaABAg,@Jane-rm6mz,저도 하게애때이거해요,1,2025-10-23T22:30:13Z
qc-wsbdtiGo,UgxXTGAIEfNqXTW-MmB4AaABAg,@김유빈-q3d,"2024년아이스타유치원&어린이집
선생님필수시청!!소고춤-(뱃놀이)",0,2025-09-13T12:33:59Z
qc-wsbdtiGo,Ugyrc_199ve00Z7SIOB4AaABAg,@정구봉-y5n,저도학습발표회대햇어요,0,2026-01-13T03:05:53Z
qc-wsbdtiGo,UgyhlNJus2iX57Mev4d4AaABAg,@정군옥-n7k,수수께끼 내,0,2026-01-12T02:07:16Z
qc-wsbdtiGo,UgwT2SlNRxUUAObQxZl4AaABAg,@정점선-q3x,저학예해서요,0,2025-12-03T10:28:51Z
qc-wsbdtiGo,UgyoNcSJkzxw6CLBp8t4AaABAg,@정군옥-n7k,저도학습발푷회대햇엉요,0,2026-01-09T00:36:24Z
qc-wsbdtiGo,Ugw6vasGGF_BvE0bBjJ4AaABAg,@최은숙-c2w,"안녕하세요
산나는 소고춤이네요~
음원 받을수 있을까요?",2,2024-12-05T13:25:31Z
qc-wsbdtiGo,Ugz4flLuvCEKPDzJfCd4AaABAg,@정구봉-y5n,유 빈,0,2026-01-13T03:06:32Z
qc-wsbdtiGo,Ugz9p-in5WrsPadZe9N4AaABAg,@정군옥-n7k,믹서깃소리,0,2026-01-08T04:50:50Z
4TjqyF0I4RE,UgzXnZLrBgoQ_q3_j_J4AaABAg,@joy5944,대단하네요. 유아들이 이렇게 멋진 공연을 해내다니!!! 👍 👍,0,2024-10-26T11:13:10Z
4TjqyF0I4RE,Ugw4kMAqK0iCXUe5cKx4AaABAg,@지은김-s6f,😊,0,2026-02-13T10:31:06Z
ndjs9eN-hzY,Ugx9X26O9XI_grI70M54AaABAg,@金云升-j8h,동벙에 빛 이땅 오신 새 예루살렘  어머니께서 새 언약  유원절 우리에 주신 어머니 감사드립니다,0,2025-10-03T09:39:47Z
ndjs9eN-hzY,UgxO4XLCqEz5N9bNJYR4AaABAg,@Beru_U,국립합창단 영상중 칼 오르프 - 카르미나 부라나 영상 왜 비공개 동영상 되었나요? 평소 너무 잘 듣고있었는데 비공개 동영상으로 전환되어 슬프네요 ㅠㅠ 또 듣고싶어요.. 국립합창단 영상이 제일 음질도 좋고 소리도 좋아서 너무 아쉬워요..,2,2023-04-19T14:55:31Z
ndjs9eN-hzY,Ugw0YXTeWS5B3ySbP_V4AaABAg,@kimeunji0915,"국립합창단 고맙습니다
cd잘듣고있습니다",1,2023-04-25T05:56:16Z
ndjs9eN-hzY,UgzukDAHpeoIRWJ0Szl4AaABAg,@JK-k8o8o,"15:18 1부-우사
20:12 1부-운사
27:15 1부-홍익인간

37:18 2부-한

1:03:35 3부-함성",3,2024-12-12T06:00:52Z
VLNPApZAYCg,Ugz35jClImlcrduhxXd4AaABAg,@shim823,두고두고 추억하며 은혜받는답니다 감사합니다😍👍🙏,0,2021-01-28T01:26:34Z
VLNPApZAYCg,Ugy3B0gkoGspIscZ7m54AaABAg,@열정-m3w,감동입니다,0,2023-12-03T16:01:43Z
P9gJNbRXGv8,UgyEYzuZsxj5MUotPmp4AaABAg,@pilgrim5th,"1:00 한울림 여성합창단
12:12 1.Deo Gratias 헤븐스레이디스콰이어 
15:15 2.쉐난도(Shenandoah)
19:35 3.이젠그랬으면좋겠네
25:20 경산문화원 칼리오페코러스
39:40 CTS대구권사합창단",2,2021-05-23T14:08:19Z
P9gJNbRXGv8,UgxCklDeUzTL61ah3dl4AaABAg,@언제나초록초록,한울림합창단 너무 멋져요^^,1,2021-05-23T04:39:44Z
P9gJNbRXGv8,Ugxt4fdi0_I03AJjQbl4AaABAg,@chun2875,"칼리오페코러스 역시입니다
멋져요",0,2021-05-24T01:39:28Z
HBwHscLOkEo,UgwBSJh1LY9vuJoy7iR4AaABAg,@cutieppatieBOOtie,8위 이쁜 사람 잘생긴 사람이 입어서 이쁜게 아니라 실제로 보면 ㄹㅇ 옷이 겁나 이쁨. 서공예는 연예인 빨 받는 교복인데 8위 고국고 교복은 ㄹㅇ 진짜로 내가 여태까지 살면서 봤던 교복들 중에 제일 이쁨,1831,2023-09-27T12:33:04Z
HBwHscLOkEo,UgzN1hNQ-uoz5UbVgrZ4AaABAg,@noxie-b6m,8위1위 둘다 이쁘지만 8위가 더 고급스런 분위기 있어서 이쁜듯,354,2023-08-24T20:54:41Z
HBwHscLOkEo,Ugzc3orfZXHNng6GVMV4AaABAg,@Enna-c5c,한림은 인정이지..비싸지만 진짜 깔끔하고 이쁘다..,107,2023-12-28T05:03:25Z
HBwHscLOkEo,UgxDi3jPkDw2QKGdzg14AaABAg,@hw.rim1,국립전통예술 고등학교 다녔던 대학생인데 솔까 우리 학교 교복이 젤루 이뻤음 ㄹㅇ루,219,2024-01-10T09:05:31Z
HBwHscLOkEo,Ugy4ysK7q1VB1GSz3Xd4AaABAg,@HYEIN-kj6ln,8위 진짜 이쁘다,1299,2023-08-04T04:39:54Z
HBwHscLOkEo,Ugwx6laG_wsoSZymegd4AaABAg,@름이-s9g,이쁜게…아니라 유명하고 좋은학교 아니야?? 그냥 취향 차인가..?? 몇개빼고는 이쁜지 모르겠늗ㄷ,345,2023-08-07T13:57:45Z
HBwHscLOkEo,Ugwv-trwfEmywxPn_Q94AaABAg,@쩨를곳볼항아리,한림예고 안나오나 했는데 1위네ㅎㅎ그리고 8위 진짜 이쁘다..,47,2023-11-19T05:19:27Z
HBwHscLOkEo,Ugwo7y_OHWUqYHJuWQN4AaABAg,@Dakggochi,8위가 최강인 듯...,21,2023-11-16T11:36:51Z
HBwHscLOkEo,UgyZEPc8-SuCaPt6TaR4AaABAg,@イチゴ-t1x,한림 교복 실제로 보면 왜 100만원이나 하는지 납득감.. 진짜 깔끔하고 고급스럽게 이쁨,113,2023-11-23T17:25:32Z
HBwHscLOkEo,Ugyx1p4Ik-f-nH_3PQ94AaABAg,@소다다닥,선화예고는 진짜 깔끔하게 예쁨~ 몸매가 안 이뻐도 예뻐보이고 톤그로여도 예쁘고...,8,2023-12-26T13:10:52Z
HBwHscLOkEo,UgzRmJYVz7rISobA8S94AaABAg,@kimseungdays,8위랑 한림예고가 젤 이쁜듯,9,2023-08-30T14:13:56Z
HBwHscLOkEo,UgzUITWFUQpQqbrU8eJ4AaABAg,@grace-j5b2q,선화예중 학생입니다. 교복 자체는 예쁜 데 제가 입으면 못생겼어요….,40,2023-06-14T09:44:22Z
HBwHscLOkEo,UgxG5TmEqT99MpiqHhp4AaABAg,@요조요조-k4t,오늘 선화예고 합격했다고 결과났어요🥺🥺🥺💖💖💖💖,58,2023-10-27T14:43:45Z
HBwHscLOkEo,UgzeWRobEmpgWcSv88N4AaABAg,@포오레,입는사람이 중요하다는걸 한번더깨닫습니다,5,2024-01-07T10:14:25Z
HBwHscLOkEo,UgxJ0uRvUnKYlZkq0Rx4AaABAg,@Sue1004-p4d,내 눈엔 리라고가 1등❤,14,2023-07-12T10:21:32Z
HBwHscLOkEo,UgxhoO4E7wfKy3OoYlF4AaABAg,@헤헤헤-z9v,리라고는 남자 교복보단 여자 교복이 더 예쁜데,6,2023-08-06T01:23:59Z
HBwHscLOkEo,UgwXOxmgNcKtQakD1dB4AaABAg,@린이의_흑역사유포방,"It's not that the uniforms are pretty, but I just think they're incredibly pretty and handsome. My eyes are definitely on point. They definitely look really cool and beautiful. There's a saying that 'fashion is completed by appearance'.",2,2025-04-14T08:30:01Z
HBwHscLOkEo,UgyGgKTof3dzA___kfp4AaABAg,@Betty-z4k,장원영 안유진 포함 교복 입으신 분들 다 이쁘고 잘생기심,1,2023-12-30T15:43:46Z
HBwHscLOkEo,UgwDDGfz24EuHBtZV0B4AaABAg,@user-osb9djeieu8,"고양국제고, 한림예고 ㄹㅇ이다",4,2023-10-12T08:50:41Z
HBwHscLOkEo,UgxICpibJPaqcf7dRSt4AaABAg,@gjjy-n8k,10위 완전 편해보이고 이쁘네,1,2025-05-16T03:22:04Z
HBwHscLOkEo,UgzuUZXSXZeWtKxzrX94AaABAg,@메이플스토리과자,"3위가 진짜
이쁘네요",2,2024-01-23T07:45:52Z
HBwHscLOkEo,UgxWazO1_gZ4F7sU3_B4AaABAg,@다정_Jeong,8위 교복이 제일 예쁘다..❤,3,2024-01-03T08:54:12Z
HBwHscLOkEo,UgyLOHpiU5ocKfEFPuh4AaABAg,@sungminchung2082,한민 고등학교 너무 예쁘다❤,2,2024-11-06T01:39:47Z
HBwHscLOkEo,UgwB60CYcU86reyW-gx4AaABAg,@user0919-o4y,모델이 예뻐서 예뻐보이는건 안비밀..😅😅,0,2024-01-21T18:45:26Z
HBwHscLOkEo,UgwL7TCxuU6IqeZgtmh4AaABAg,@솜솜이는행복해,경기예고랑 세종예고도 이뻐요❤,0,2023-11-27T09:00:16Z
HBwHscLOkEo,UgzML1zw60DeU6wMNWV4AaABAg,@Minji_0924,마지막에 나오는 민지ᩚ 너무 ㄱ ㅣ얍다 ❤❤,0,2023-12-14T01:12:54Z
HBwHscLOkEo,UgzCmDeeuWBut0v-hK94AaABAg,@10R_SIBAL,예고가 예쁜교복이 많네,1,2024-01-26T05:15:36Z
HBwHscLOkEo,Ugx-mXzZGUj3fbj-HdV4AaABAg,@유로-q7h,‘교복이 중요한게 아니라 얼굴이 예뻐야한다‘,1,2024-02-02T11:27:32Z
HBwHscLOkEo,UgzC1KYkmInVUAeMgqZ4AaABAg,@cHxnG1,8위 5위 진짜 내스타일,2,2023-09-25T11:04:42Z
HBwHscLOkEo,Ugy7H2IeqnlVRL_4ZtN4AaABAg,@오리꽥이-w2j,경복 비즈니스 고등학교 도 예뻐연..,0,2026-05-27T10:36:22Z
hB23onKa5lw,Ugyh_kb_Rpu-KWvcxVV4AaABAg,@리멤버-b4m,아삐는 사회서 이름부르지만 엄마는 누구도 불러주지않아요 자식분들이너 남편분 아내나엄마한테 이름 불러주세요,0,2024-09-20T14:49:37Z
Zxa8ZVulL7o,UgwqE-Oxh8lg_LMRETt4AaABAg,@heatherkang9801,"훌륭합니다! 이런 새로운 시도가 한국 연극의 지평을 넓혀줄 거라고 생각해요. 국립극단이 앞서 주셔서 참 고맙습니다. 연출가분들께서 마음을 다해서, 정성을 다해서 올리시겠다고 하니 많이많이 기대하고 있을게요...!",1,2021-06-02T14:30:34Z
0V060-v7Jtw,UgxMS45p4rUjfbyknEF4AaABAg,@릴-l7h,막공 예매해놓고 아주 기대하고 있습니다! 좋은 무대 잘 부탁드립니다 👍,1,2022-03-31T11:32:42Z
9I_xaqg1QeQ,UgwgFSCfW2uJYqXfVyF4AaABAg,@skymap11,작은발톱수달 공연 기대하고 있어요^^,1,2022-04-04T09:13:48Z
BMDRO9DcNo8,UgykPj_onC4lBfE6D2t4AaABAg,@정호경-d3e,멋집니다 😊,0,2023-11-20T13:38:58Z
tScHLFyntCM,Ugxx0JLOqfTGIsIp-fh4AaABAg,@디락스,안녕하세요 국립극장 극단 너무 좋아요...85.6년 오디션 보다 떨어졋어요...그 다음 부터 여유가 생기고 가족이 생겼을때부터 거의 매년 감상.관객으로 참가했습니다..애들 정서에도 참 좋더군요....옛날엔 유인촌님 연습할때 구경도 했었어요....그리고는  명동에서 감상하고는 했지요...햄릿부터..ㅎㅎ.어릴적부터 장충단근처 살어서..지금은 제가 환갑입니다..코로나 끝나면  백성희 장민호극장..명동 극장...기회가 닿으면 많이 많이 감상할겁니다....감사합니다...몇년전 최불암님 만나서 정말 반가웠습니다...홀로 관람하시더군요.....또 만나면 싸인 받아보고 십습니다...전 아직도 회원일겁니다.(이만성)............감사합니다.......추신........멕베드.............한번 더 감상하고 싶어요.................,1,2021-09-29T22:18:55Z
tScHLFyntCM,Ugzl20ECOt0T6UGOzYV4AaABAg,@smilejust5615,"김미란님, 꿈을 이뤄가는 모습이 참 보기 좋습니다. 평소 스마트한 건 알고 있었지만,  연출가가 될 줄은 꿈에도 몰랐네요. 화이팅입니다.",0,2024-05-12T15:34:34Z
DS0rkCFML30,UgwQu4vtj5N8aO9K7dl4AaABAg,@mm_7818,작가님도 한 보부상 하시는군요ㅋㅋㅋ 작품 뒤의 작가님 모습이나 생각을 보여주는 콘텐츠 너무 재밌어요🥹💕,2,2023-11-22T15:31:04Z
DS0rkCFML30,Ugxrc8WFQnSH4yIyjNZ4AaABAg,@박-v6b,좋은 작품 많이 만들어주세요 ~~~^^,1,2023-11-22T22:39:33Z
DS0rkCFML30,Ugxpux6z3s7EbS_lBad4AaABAg,@김이믄,넘 재밌어요 앞으로도 이런 콘텐츠 많이 나왔으면 좋겠네요!!,1,2023-11-22T02:20:47Z
DS0rkCFML30,UgytmDC5YdQcLav0Nax4AaABAg,@옥수수-m3t,잘봤습니다😊 편집도 너무 좋아요,1,2023-11-22T02:12:42Z
DS0rkCFML30,UgwVHsyXT65C7BL05M54AaABAg,@이카리신지는나약해,아 사람냄새 풀풀 나는 작가님이시군요! ㅋㅋㅋㅋㅋ 차분함에 똘기가 있으신 거 같아요 ㅋㅋㅋㅋ 작품이 궁금해졌어요😂😂,1,2023-11-22T02:29:09Z
ReGxY8qmmPc,UgzvXKDpRHFBIhE7xsZ4AaABAg,@한금숙한금숙,매일 종이신문 읽는 거 아주 좋은 습관 같아요… 쪽잠 자며 글을 쓰신다니 정말 치열하게 사시는구나 느끼게 됩니다. 말씀하신 것처럼 작가님만이 쓸 수 있는 희곡을 쓰게 되길 바랄게요!,0,2023-12-13T08:42:19Z
ReGxY8qmmPc,UgwxmT5603ri9uOyqhR4AaABAg,@이카리신지는나약해,나중에 꼭 박지선 작가님의 세계에 저도 발을 들이고 싶네요!! 작품 기대할게요❤,0,2023-11-21T05:10:05Z
ReGxY8qmmPc,UgyBzEPT2gtiAcrsjvR4AaABAg,@정현정-o9r,지선 작가님의 작년 작품이 자주 생각나요!! 다른 작품도 어서어서 더 볼 수 있기를 바랍니다 화이팅!!,0,2023-11-22T08:40:24Z
ReGxY8qmmPc,Ugxd5IXuYPh7nhrBGcB4AaABAg,@화니-v2d,박지선 작가님 애정하고 응원해요❤,0,2023-11-22T13:41:19Z
ReGxY8qmmPc,UgyVa0fzKPEhc_RYs4J4AaABAg,@천정명-g4q,박지선 작가님! 창작공감 작품 기대하고 있습니다. 응원합니다~!!,0,2023-11-22T03:02:46Z
ReGxY8qmmPc,Ugx6KHdwVWCShzLNb994AaABAg,@우수정-n2z,박지선작가님~ 멋지네요,0,2023-11-22T03:48:11Z
ReGxY8qmmPc,Ugy6NWd4gZpfGQ24Jil4AaABAg,@옥수수-m3t,잘봤습니다~~좋네요,0,2023-11-21T07:47:43Z
IA2xePtUe-I,UgxM1P159gRTZok8q_l4AaABAg,@우야사4K화질영상,😊😊😊,0,2024-09-02T02:48:35Z
IA2xePtUe-I,UgzafBBDINjljaykmHh4AaABAg,@sarah-d1s5e,미숙선붸님~~♡,1,2024-09-06T19:27:46Z
IA2xePtUe-I,Ugw3YImAfKtDlnQACBd4AaABAg,@FURI5sa,재미껬따!!,1,2024-08-30T06:27:50Z
di859L4HM6Y,UgwV403tHC_SVzr7-9J4AaABAg,@fiveelo246,국립극단이 나아가는 방향 너무 좋습니다~영상 재밌게 봤어요💚,1,2022-03-11T12:42:47Z
di859L4HM6Y,UgwE39ZZVEfdGskm4st4AaABAg,@1434dus,쇼케이스 봤었는데 두 배우님들 투닥거리시는 모습 너무 귀엽고 웃겼어요ㅎㅎ 본 공연도 기대하겠습니다!!,1,2022-03-11T05:51:39Z
CY6hEXoXwH4,UgxNeFowc_2ggQEVBoB4AaABAg,@heiso273,자~드가자~,0,2022-03-14T14:12:42Z
OkEydci9fjk,UgxPZhS5kmo945E0S0t4AaABAg,@박순자-l1m,"2등입니다
잠이안와서
행여나 작가님
영상올라왔나
열어보니
엄청반가웠어요
요즘바빠 댓글도
못달고 눈팅만해서
죄송해요 훌륭한작품
잘보고갑니다♡♡♡♡♡♡♡",19,2020-07-05T16:48:59Z
OkEydci9fjk,Ugxi9504890T2HN5b9d4AaABAg,@chunan799,"손 작가님 붓글씨의 반해버림!!
작가님의 책이 혹시 서점가에 있다면 한부 구입하고 싶읍니다만...
울 명섭님의 대한 끝없는그 사랑이 작가님의 붓글씨에 모두 녹아 있는거 같아 큰 감동 받았어요~♡
다음 영상 기대 할께요~
살롬!",14,2020-07-05T20:09:37Z
OkEydci9fjk,UgxDiup47I_wIwMmd_V4AaABAg,@안은정-n6v,"꿈은 
그리는것이
 아니라 
이루는것

손작가님  오늘도
좋은영상  올리셨군요
 잘보고 갑니다 
감사합니다~ ^^",12,2020-07-05T21:18:21Z
OkEydci9fjk,UgwKiBcOsUbdT9B1d5R4AaABAg,@HakusGarden,"붓에 집중하시는 모습이 멋지십니다
굿밤되세요💤",13,2020-07-05T17:35:08Z
OkEydci9fjk,Ugwjikw-5DlH5_tgUt54AaABAg,@내가최고-q3l,"말씀도 너무나 좋지만 ,그래도 서예 하실때가
아주 멋지세요, 이걸 보노라면 숨도 안 쉬어지네요
건강하시어 좋은 작품 자주 보여 주세요,",9,2020-07-05T23:38:38Z
OkEydci9fjk,UgzgdYZahBaCLdpqTpF4AaABAg,@하순옥-g4v,손작가님  오늘도  멋진  붓 춤으로 하루시작하시네요  언제 봐도  멋지시고  내 마음도 즐겁습니다  손작가님은  울가수님  사랑을  붓 춤으로 전달하는 한자 한자의  정성에  담는  모습에  정말  감탄이  절로납니다  좋은 영상  감사합니다   👍 👍 👍 👍,7,2020-07-05T23:48:58Z
OkEydci9fjk,Ugz4kko8htsbrAqgsd94AaABAg,@이지수-u5o,"꿈을이루고저
달렸지요~
근데 제가가고있던
길은,꿈이아니고
치열한경쟁속의
삶의목표였던거
같아요
어찌보면,,
그놈이,그놈인것
같지만 제가보기에는
틀리더군요
삶의목표는,힘들고
지치고,상처도생기도,미움도생기도,,,
지금방향을바꾼
꿈은 저에게,경쟁도
없고,여유로움과
웃음을주네요
오늘도,,하루를
명상하게하는
작가님글,,
감사합니다",7,2020-07-06T01:59:50Z
OkEydci9fjk,Ugx6LB2pjoADJeOPGrd4AaABAg,@강철순-h7c,손작가님 안녕하세요  오늘의 휘호 작품 꿈은그리는것이 아니라 이루는것이다  작가님의 붓춤 글씨  너무멋있고  아름답습니다  감동입니다  언제나 꿈을꾸게하고  꿈을심어 주는 아름다운가수  고마운가수   명섭가수입니다  작가님오늘도  멋있고  아름다운 영상감사합니다  응원합니다.,10,2020-07-05T19:38:55Z
OkEydci9fjk,UgzxnQBDiZY8fM_GJmJ4AaABAg,@샤방샤방-e8k,"국보급가수조명섭화이팅 
항상열정적팬심감사드립니다",8,2020-07-06T01:34:02Z
OkEydci9fjk,UgyjrG4sBT3QhgWhK4F4AaABAg,@sozon424,시원한 휘호 잘 보았습니다.^^,7,2020-07-06T00:43:40Z
OkEydci9fjk,UgwCUbzcZ9-hmhreZP14AaABAg,@정종숙-c9r,"작가님의멋진붓춤도실은의사가수명섭님때문에이런멋진붓끝에서도아름다움이탄생하는구나알았내요
이나이에새로움을많이배우내요참으로감사한일입니다두둥실떠가는구름위에서아름다운세상을바라봄니다
감사합니다화이팅뿅",4,2020-07-07T08:13:24Z
OkEydci9fjk,UgxEfeGdt6BwaTI0kCJ4AaABAg,@이경화-y4k,"천리길도 한걸음부터임을 
깨달음 받습니다~ 
손작가님! 
사랑하는 이!
조명섭도련님을 생각하시며 연일 몸소 실천해 행하시는 모습 
존경합니다^^",16,2020-07-05T19:35:40Z
OkEydci9fjk,UgwgE88-YKgmPb-3B6N4AaABAg,@아리아-p8b,"마음이 지척이면 천리도 지척이라.
머나면 타국에서 영상으로나마 자주뵈니 가까이에 계시는 것처럼 무척반갑게 느껴집니다.
조명섭 가수로인해 전에없이 
완전 생활패턴이 바뀌었습니다.
아침에 일어나면 간단히 감사의 기도 올리고는 하루를 시작합니다.
당장 폰부터 보는습관 ,
그전에는 폰은그저 
어느구석에 던저졌다가 잔화할때만 쓰는도구로 여겼는데 이젠 없어서는 안될 귀중한 물건이 되었네요.
그전에는 없었던 작은소망이자 꿈,은 
우리 조명섭 가수님 진심으로 아껴주시는 선생님 하시는일이 무조건 잘되었으면 하는 바램입니다.
사람에게 목표가있고 꿈이있다는건 살아가는데 얼마나 큰활력이 되는지 모름니다.
작가님이나 조명섭 가수에게 정성드린 저의글이 마음으로 전해질때 소망과 꿈들이 이루어 지리라 믿습니다.
두분앞날에 맨날 맨날 기쁘고 좋은일만 있으소서!",23,2020-07-05T20:51:37Z
OkEydci9fjk,UgyiVhhgKUZLgmihC0t4AaABAg,@김민숙-k5e,아름다운 청년 조명섭 가수님 꿈은이루는것^♡♡꿈은대부분 꿈꾼다 ^^^이루는것은 ~어려운 것 같아요 ~꿈을이루려는것^^^^뒤에 는  .많은 어려움이.따르는 것 같습니다 ^^^^무언가를 해보고 자할땐 꼭 실현해 야게죠♡♡♡손작가님 울명섭 가수님 ~어록 꿈꾸다 ^^^붓글씨♡♡손작가님 너무 감명깊게 잘 봣습니다 정말 멋진 붓글 씨 와♡♡♡울명섭 가수님  꿈은이루는것^^^어록   과같이 어우려져 너무 감탄 감동 그자체 입니다 ^^^손작가님 너무 은혜롭습니다 ♡♡♡감동 감사👍👍👍😆😆😆,8,2020-07-05T22:42:35Z
OkEydci9fjk,UgxNHwEoHvSCHs-fjPB4AaABAg,@이정희-u7q8n,손작가님 아령하세요 꿈은이루어진다  휘호 잘봤읍니다 작가님 붓글씨는 항상멋있읍니다 명섭 가수님워한 붓춤은 존경합니다 작가님 건강 하세요,9,2020-07-06T03:07:52Z
OkEydci9fjk,Ugw9rhIClaylx7VfS_94AaABAg,@저녁노을-l6q,"꿈, 서체가 묵직하고 심플합니다.
그리다가 만 꿈들이 항의하고 있읍니다.  내 몫 돌려달라 하는 듯~ 22살의 젊음 앞에서 부끄럽기도 하고 또 흐뭇하기도 하고 붓글씨 보며 느끼는 소감입니다.",5,2020-07-06T04:03:14Z
OkEydci9fjk,UgxcbcknBpGvWbKneGV4AaABAg,@김라벤다-n9r,꿈은 이루위진다 ㆍ뜻이깊은 휘호를 잘 감상 했습니다 선생님의 지난 영상을 보고 범접할수 없는 훌륭하시고 대단하신 선생님이시라 댓글달기가 두렵습니다 명섭님 사랑에는 존경과 감사를 드리고 타국에서 늘 행복하시길 바람니다 🙏💞,3,2020-07-06T14:26:15Z
OkEydci9fjk,UgxZLq4EICb4mVZ_vxh4AaABAg,@김재구-w5b,"손작가님 안녕하세요
오늘도 멋진 붓춤과 정성이 모여 예술의
창작 작품이 탄생 됩니다
꿈은 그리는것이 아니라
실천하여 실천하여 이뤄는
것이다~~
좋은말씀 가슴에 새기며
언제나 백번의 말보다
한번의 실천이 중요한게
아닐까요~~
여긴 비가 내립니다
손작가님 우리가수님
위해 정이넘친 사랑
항상 감사드리며~~
기억 하렵니다~~",2,2020-07-09T21:06:25Z
OkEydci9fjk,Ugz94-jlXOBBHzm7-Bx4AaABAg,@os5221,차분한 음악과  작가님의 서예가 참 잘 어울립니다 사랑합니다 🎶,3,2020-07-08T13:24:46Z
