video_id,video_title,description,channel_id,channel_name,published_at,duration_sec,duration_min,is_shorts_guess,view_count,like_count,comment_count,video_url,channel_subscriber_count,channel_video_count,matched_perf_id,matched_title,matched_genre,matched_venue,matched_perf_start,matched_perf_end,video_type,source_type,notes
Z0iLLCf07uQ,[#벌거벗은세계사] (70분) 최초의 여성 노벨상을 받은 사람의 삶은 어떨까👀!? 방사능의 어머니 마리 퀴리의 일생 몰아보기 | #티전드,"티빙에서 스트리밍 : https://tving.onelink.me/xHqC/gpc4kkic

＜벌거벗은 세계사＞
[월] 밤 10:10 tvN 방송

#벌거벗은세계사 #티빙에서스트리밍",UCsRIHt5FkbGc6cQtCxt-ufA,tvN D ENT,2024-02-09T06:00:26Z,4486,74.77,False,920692,6422,342,https://www.youtube.com/watch?v=Z0iLLCf07uQ,5360000,73394,PF226540,마리 퀴리,뮤지컬,홍익대 대학로 아트센터 대극장,2023-11-24,2024-02-18,,,
uQLK4dghNuA,"[본방 종합] 원인 불명의 병에 걸린 천재 과학자 마리퀴리, 그리고 연이어 터지는 스캔들... 우리가 몰랐던 마리퀴리의 인생 ft.옥주현 I KBS 250909 방송","✔볼수록 쌓이는 인사이트💡 | KBS 지식 공식 채널
KBS지식 구독하기 ➡️ @KBSknowhow
Copyright  ⓒ KBS. All rights reserved. 무단전재, 재배포 및 이용(AI 학습 포함) 금지 

📢 영상 방송 시점에 따라 현 상황과 내용이 다소 다를 수 있습니다
📢 비방 및 악성 댓글은 출연자 보호를 위해 운영자가 삭제할 수 있습니다
Copyright ⓒ KBS. All rights reserved. 무단전재, 재배포 및 이용(AI 학습 포함) 금지",UCBOs39Wu6lwfnT0IeJGyYWA,KBS 셀럽병사의 비밀,2025-09-10T14:59:49Z,1894,31.57,False,80926,1177,43,https://www.youtube.com/watch?v=uQLK4dghNuA,423000,496,PF226540,마리 퀴리,뮤지컬,홍익대 대학로 아트센터 대극장,2023-11-24,2024-02-18,,,
oO5_Vq0shGQ,데스노트 자체였던 마리 퀴리 노트 ㄷㄷ #벌거벗은세계사,"#벌거벗은세계사 #tvN #shorts

〈벌거벗은 세계사〉 매주 화 오후 10시 10분 tvN에서!
TVING으로 다시보기

we’re :DIGGLE family",UCsRIHt5FkbGc6cQtCxt-ufA,tvN D ENT,2024-02-09T02:01:00Z,56,0.93,True,32678,300,5,https://www.youtube.com/watch?v=oO5_Vq0shGQ,5360000,73394,PF226540,마리 퀴리,뮤지컬,홍익대 대학로 아트센터 대극장,2023-11-24,2024-02-18,,,
sEIXAhQgpnw,퀴리 부인이 사망한 진짜 이유 #원소주기율표 #화학 #원소 #멘델레예프 #윤소희,퀴리 부인이 사망한 진짜 이유 #원소주기율표 #화학 #원소 #멘델레예프 #윤소희,UCiFYUP4_TI70yCkkVJAlxoA,EBS 컬렉션 - 사이언스,2025-09-22T00:31:35Z,84,1.4,False,142457,692,9,https://www.youtube.com/watch?v=sEIXAhQgpnw,1330000,3031,PF226540,마리 퀴리,뮤지컬,홍익대 대학로 아트센터 대극장,2023-11-24,2024-02-18,,,
TGmYaSQuOus,"마리 퀴리가 발견한 '라듐', 신비의 명약으로 불리며 심지어 라듐으로 만든 콘돔도 등장했다?! [셀럽병사의 비밀] KBS 250909 방송","마리 퀴리가 발견한 '라듐'
신비의 명약으로 불리며 
라듐으로 만든 담배, 치약, 비누까지 등장했으며
심지어 라듐으로 만든 콘돔도 만들었다는데...

#셀럽병사의비밀 #이찬원 #장도연 #이낙준 #마리퀴리 #퀴리부인 #라듐 #방사능

✔ 따뜻한 감동, 알찬 정보 KBS 교양 공식 채널 
✔ 인간극장, 아침마당, 이웃집찰스, 2TV생생정보 등 KBS 대표 콘텐츠가 한 곳에 📺📲 
✔ KBS교양 구독하기 ➡️ http://www.youtube.com/@KBSLife
Copyright  ⓒ KBS. All rights reserved. 무단전재, 재배포 및 이용(AI 학습 포함) 금지 

📢 영상 방송 시점에 따라 현 상황과 내용이 다소 다를 수 있습니다
📢 비방 및 악성 댓글은 출연자 보호를 위해 운영자가 삭제할 수 있습니다",UCHlSeJxRIXZWMARC2oMwmcQ,KBS 교양,2025-09-10T07:08:26Z,1246,20.77,False,19818,866,27,https://www.youtube.com/watch?v=TGmYaSQuOus,1810000,79171,PF226540,마리 퀴리,뮤지컬,홍익대 대학로 아트센터 대극장,2023-11-24,2024-02-18,,,
Bdr-DmPA4kE,"#집에서함께배워요 ㅣ 물리학자, 마리 퀴리 ㅣ 꿈을 이룬 사람들 ㅣ TV유치원","난 실험실이 좋아
아빠의 실험실이 좋아
흥미진진한 실험 도구
실험실에 있으면
심심하지가 않지
난 실험실이 좋아~

#마리퀴리 #어린이위인전 #위인전

[케키즈 유튜브 공식 채널] 
케키즈 유튜브 채널을 구독하면 
TV유치원의 인기프로그램들을 볼 수 있어요! 

♥ 케키즈 구독하기 ♥ 
https://www.youtube.com/c/KBS키즈 

♥ 케키즈 SNS ♥
https://www.instagram.com/kbskids1 
https://www.facebook.com/kbskids1",UCdXB-xqrg37isIQwF0Z5-Dw,KBSKids,2020-12-08T07:00:02Z,591,9.85,False,4449,20,0,https://www.youtube.com/watch?v=Bdr-DmPA4kE,1050000,7322,PF226540,마리 퀴리,뮤지컬,홍익대 대학로 아트센터 대극장,2023-11-24,2024-02-18,,,
N9-OqBu-jO8,"절대 만지면 안 되는 책 ""마리 퀴리의 연구일지""","최초로 방사능 물질인 라듐, 폴라늄을 발견한 마리 퀴리

노벨 물리학상과 노벨 화학상을 받을 정도로 대단한 여성인데요

안타깝게도 연구가 자신에겐 독으로 작용했습니다.

#shorts #마리퀴리 #연구일지",UCh9Hs6LCnksZbSs2SqSdfqg,철멍뭉,2023-02-19T06:22:33Z,44,0.73,True,488867,10998,146,https://www.youtube.com/watch?v=N9-OqBu-jO8,676000,267,PF226540,마리 퀴리,뮤지컬,홍익대 대학로 아트센터 대극장,2023-11-24,2024-02-18,,,
HCASqpTJpk4,마리 퀴리,"새로운 세상을 만든 천재 과학자 그녀의 빛나는 도전과 숨겨진 이야기! 뛰어난 연구 실적에도 불구하고 거침없는 성격 때문에 연구실에서 쫓겨난 과학자 '마리'. 평소 그녀의 연구를 눈여겨본 '피에르'는 공동 연구를 제안하고, 두 사람은 자연스럽게 사랑을 느끼게 된다. 연구를 거듭하던 '마리'는 새로운 원소 라듐을 발견하는데 성공하며 '피에르'와 함께 노벨상을 수상한다. 그 후 이 발견으로 암을 치료할 수 있다는 기대에 한껏 부푼다. 하지만 기쁨도 잠시, '피에르'가 갑작스러운 죽음을 맞고 '마리'는 깊은 절망에 빠진다. 그리고 곧 '마리'는 이 위대한 발견 이면의 예상치 못한 힘을 알게 되는데... 우리가 미처 몰랐던 '마리 퀴리'의 진짜 이야기가 시작된다",UC-Vdvc9F3YwLFB3t9L9uUzw,YouTube Movies,2020-12-10T20:43:03Z,6603,110.05,False,,110,7,https://www.youtube.com/watch?v=HCASqpTJpk4,0,1,PF226540,마리 퀴리,뮤지컬,홍익대 대학로 아트센터 대극장,2023-11-24,2024-02-18,,,
qdbwyenGMVQ,마리 퀴리의 희생과 X레이,"셀럽병사의 비밀 26회 '마리 퀴리' 

📢 풀영상 다시보기(웨이브): 
https://www.wavve.com/player/stream/vod?contentid=K02_PS-2025108931-01-000.1
📢 웨이브 모바일 버전: https://deep.wavve.com/content/K02_T2024-0541
📢 매주 화요일 저녁 8시 30분 KBS2TV

#셀럽병사의비밀 #옥주현 #이찬원 #장도연 #이낙준",UCBOs39Wu6lwfnT0IeJGyYWA,KBS 셀럽병사의 비밀,2025-09-11T09:01:25Z,37,0.62,True,60685,665,4,https://www.youtube.com/watch?v=qdbwyenGMVQ,423000,496,PF226540,마리 퀴리,뮤지컬,홍익대 대학로 아트센터 대극장,2023-11-24,2024-02-18,,,
VbvPql2EVOY,퀴리부인│여성 천재 과학자👩🏻‍⚕️│📖🌈씽씽똑똑위인│한글씽씽│어린이 위인전│위인전,"#유아 #위인전 #키즈

⭐️한글씽씽 채널 오픈!⭐️
매주 화,목 다양한 동화와 동요, 위인, 단어들을 재미있게 배우는♬ 영상들이 업로드 됩니다.


씽씽이와 함께 재미있는 영상들을 만나보세요! :D
구독하기 ▶https://bit.ly/3g4pgCK


💕ABC 영어도 자신있어요!
자매채널 잉글리시 씽씽 구독하기
▶http://goo.gl/gDa963",UCN7JrWbU6DjlnX5cAyHbPbA,한글씽씽,2023-11-07T08:55:17Z,205,3.42,False,11605,29,0,https://www.youtube.com/watch?v=VbvPql2EVOY,28300,317,PF226540,마리 퀴리,뮤지컬,홍익대 대학로 아트센터 대극장,2023-11-24,2024-02-18,,,
uZYqNgbO_hA,자신이 발견한 '이것' 때문에 죽었다? 천재 과학자 마리퀴리의 비극 l [그때 그 사인],"#유성호 #법의학자 #부검 #마리퀴리 #노벨상

국내외 스타들, 역사적 인물들의 사인을 살펴보는 [그때 그 사인]
그 일곱 번째 인물은?

세계 최초 노벨화학상과 노벨물리학상 수상
그 시대 만연했던 성 차별 의식을 깨뜨린 당대 최고의 과학자
방사선 원소 폴로늄과 라듐을 발견한 마리 퀴리!

우리에게는 '퀴리 부인'으로 잘 알려진 마리 퀴리는
'여성은 과학을 할 수 없다'는 편견이 만연한 그 시절,
생을 바쳐 연구에 몰두합니다. 
인류에게는 희망을, 자신에게는 죽음을 안겨 준 이 것! 

그때 그 사인, 
오늘은 마리 퀴리의 연구실로 들어가 봅니다.


⏰ 타임라인 ⏰
00:00 인트로
00:20 그때 그 사인 : 마리 퀴리
01:24 마리 퀴리의 본명
01:56 마리 퀴리의 어린 시절
02:26 마리 퀴리 소르본대학 입학
03:35 피에르 퀴리와의 만남
04:01 폴로늄과 라듐의 발견
04:56 노벨물리학상 수상하기까지...
06:05 노벨상 수상 이후 마리 퀴리
06:45 피에르 퀴리의 사망
08:06 마리 퀴리, 노벨화학상 수상
08:31 마리 퀴리의 업적이 현대에 미친 영향
10:04 마리 퀴리의 말년
11:56 방사능에 노출된 사람의 증상
12:31 재생불량성 빈혈
13:56 라듐에 노출이 되면...
14:17 그 당시 라듐의 쓰임
14:53 라듐걸
16:02 마리 퀴리의 자녀들
16:37 폴로늄 홍차 독살 사건
20:49 폴로늄, 라듐과 관련한 특허를 내지 않은 퀴리 부부
21:29 아인슈타인이 바라본 마리 퀴리
21:48 방사선을 발견한 마리 퀴리



📍소개
유성호ㅣ법의학자
서울대학교 의과대학 법의학교실 교수
국립과학수사연구원 촉탁 법의관


📍데맨톡 멤버십 가입 ▶▶ https://www.youtube.com/channel/UCQvFuV0dZdRMxseUkCIM62A/join
데맨톡 실습생/수제자/마스터가 되어 채널을 함께 만들어 가요🎓😊 



📍협업 & 비즈니스 문의 
mediatalk0428@gmail.com

#마리퀴리 #퀴리부인 #노벨상 #방사능 #방사선 #라듐 #그때그사인",UCQvFuV0dZdRMxseUkCIM62A,유성호의 데맨톡(Deadmantalk),2025-05-09T09:01:21Z,1345,22.42,False,243732,4009,142,https://www.youtube.com/watch?v=uZYqNgbO_hA,549000,584,PF226540,마리 퀴리,뮤지컬,홍익대 대학로 아트센터 대극장,2023-11-24,2024-02-18,,,
v2ponQA5jvc,[마리퀴리] 방사능 피폭으로 삶을 다한 천재,"당시 라듐 1그램은 억대의 가격이었습니다.
노벨상을 최초로 2회 수상한 과학자 마리퀴리.
개인적 평안보다 인류를 위해 헌신한 그녀의 파란만장 이야기.

#마리퀴리 #라듐 #노벨상

참고 도서
바바라골드스미스 . 『열정적인 천재, 마리퀴리』. 김희원. 승산(2009)
에브 퀴리. 『퀴리부인』. 안응렬. 동서문화사(2012)",UCkDCQG8ljCsLIoEsTH7cizw,세기의 인물,2021-01-24T02:20:25Z,391,6.52,False,32466,386,28,https://www.youtube.com/watch?v=v2ponQA5jvc,12000,21,PF226540,마리 퀴리,뮤지컬,홍익대 대학로 아트센터 대극장,2023-11-24,2024-02-18,,,
lYt9fgd-hPs,"[#벌거벗은세계사] 🏆최초의 여성 노벨상 수상자🏆 세계를 놀라게 한 방사선의 어머니, 마리 퀴리의 업적 | #티전드","티빙에서 스트리밍 : https://tving.onelink.me/xHqC/gpc4kkic

＜벌거벗은 세계사＞
[월] 밤 10:10 tvN 방송

#벌거벗은세계사 #티빙에서스트리밍",UCsRIHt5FkbGc6cQtCxt-ufA,tvN D ENT,2024-12-22T08:00:40Z,7614,126.9,False,14149,110,3,https://www.youtube.com/watch?v=lYt9fgd-hPs,5360000,73394,PF226540,마리 퀴리,뮤지컬,홍익대 대학로 아트센터 대극장,2023-11-24,2024-02-18,,,
dR5OAXf2Wk8,마리 퀴리! 세계 최초 '방사선'과 '방사능'의 개념을 만들다! 머리도... 몸도... 힘든 그녀의 실험😨 #벌거벗은세계사 EP.136 | tvN 240130 방송,"티빙에서 스트리밍 : https://tving.onelink.me/xHqC/gpc4kkic

＜벌거벗은 세계사＞
[월] 밤 10:10 tvN 방송

#벌거벗은세계사 #티빙에서스트리밍",UC78PMQprrZTbU0IlMDsYZPw,tvN Joy,2024-02-01T03:02:00Z,513,8.55,False,3278,52,0,https://www.youtube.com/watch?v=dR5OAXf2Wk8,4520000,112783,PF226540,마리 퀴리,뮤지컬,홍익대 대학로 아트센터 대극장,2023-11-24,2024-02-18,,,
lHM12dlRcKw,"기자와 불륜남이 결투까지 한 불륜 스캔들 ㅣ 마리 퀴리 & 폴 랑주뱅 ㅣ 세계사 ㅣ 폴란드, 프랑스","노벨물리학상과 노벨화학상을 거머쥔 위대한 과학자, 마리 퀴리
폴 랑주뱅과의 불륜때문에 노벨상을 못 받았을 수도 있다는데?
퀴리 부인이 불륜을 할리가 없다고 여긴 아인슈타인의 말도 함께 들어보세요






Borzendowski, Janice, Marie Curie: Mother of Modern Physics, Sterling Publishing Company, Inc., 2009.
Goldsmith, Barbara, Obsessive Genius: The Inner World of Marie Curie, W. W. Norton & Company, 2011.
Gunderman, Richard, Marie Curie: The Pioneer, the Nobel Laureate, the Discoverer of Radioactivity, The Rosen Publishing Group, Inc, 2021.
Ogilvie, Marilyn, Marie Curie: A Reference Guide to Her Life and Works, Rowman & Littlefield, 2021.
Orens, Jeffrey, The Soul of Genius: Marie Curie, Albert Einstein, and the Meeting that Changed the Course of Science, Simon and Schuster, 2021.
Overbye, Dennis, Einstein in Love: A Scientific Romance, Penguin, 2001.
Quinn, Susan, Marie Curie: A Life, Plunkett Lake Press, 2019.
Strathern, Paul, Curie and Radioactivity, Random House, 2012.
Writén, Eva Hemmungs, Making Marie Curie: Intellectual Property and Celebrity Culture in an Age of Information, University of Chicago Press, 2016.
#노벨상 #과학 #불륜 #스캔들 #랑주뱅 #퀴리",UCtjAJ3tVrotx0d7VPJk9dyA,눈숑눈숑 역사탐방 - 스캔들 세계사,2022-03-19T09:03:38Z,809,13.48,False,106053,1403,68,https://www.youtube.com/watch?v=lHM12dlRcKw,103000,106,PF226540,마리 퀴리,뮤지컬,홍익대 대학로 아트센터 대극장,2023-11-24,2024-02-18,,,
Pn7LR37QlUQ,[마리 퀴리] '또 다른 이름' 뮤직비디오,"[#마리퀴리] #옥주현 '또 다른 이름' 뮤직비디오 공개!📺

마리 스클로도프스카 퀴리-옥주현

""기적. 새로운 밝은 빛을 봤어""✨

#뮤지컬마리퀴리 #뮤지컬 #옥주현 #뮤직비디오 #뮤비 #또다른이름",UCQnMBdSbqtXAcaW0frD1rvg,콘텐츠제작사라이브,2020-09-10T23:30:02Z,175,2.92,False,132453,1582,114,https://www.youtube.com/watch?v=Pn7LR37QlUQ,13400,936,PF226540,마리 퀴리,뮤지컬,홍익대 대학로 아트센터 대극장,2023-11-24,2024-02-18,,,
IdGJ2Sm-CmE,세상을 바꾼 천재 과학자 영화'#마리퀴리' 메인 예고편,"""이건 내 싸움이고, 나는 이길거예요""
⠀
세상을 바꾼 천재 과학자 #마리퀴리 ,
당신이 몰랐던 그녀의 이야기가 시작됩니다!
⠀
'#레미제라블' '#어바웃타임' #워킹타이틀 제작
'마리 퀴리' 2020. 11 #ComingSoon
⠀
#RADIOACTIVE #MarieCurie #영화마리퀴리
#로자먼드파이크 #샘라일리 #안야테일러조이",UCuhvkbjEdKHFiKlz09BIAJQ,[주] 엔케이컨텐츠,2020-10-26T22:45:01Z,99,1.65,False,1767,8,0,https://www.youtube.com/watch?v=IdGJ2Sm-CmE,3190,558,PF226540,마리 퀴리,뮤지컬,홍익대 대학로 아트센터 대극장,2023-11-24,2024-02-18,,,
Xo6_OQH0MeY,"불륜녀라 불린 천재, 마리 퀴리","노벨상을 두 번 받은 위대한 과학자, 마리 퀴리.
그러나 그녀의 삶은 영광만 있었던 것이 아니었습니다.
남편을 잃은 뒤, 제자와의 사랑 때문에 ‘불륜녀’라는 낙인을 찍히고
프랑스 사회와 언론으로부터 잔혹한 공격을 받아야 했습니다.
세상은 그녀를 욕했지만, 과학은 그녀를 선택했습니다.",UCY6PIrpR1-wT2GSkojVE34g,이야기꾼 비밀서재 - 시즌2,2025-09-26T11:01:07Z,51,0.85,True,22700,449,12,https://www.youtube.com/watch?v=Xo6_OQH0MeY,13300,283,PF226540,마리 퀴리,뮤지컬,홍익대 대학로 아트센터 대극장,2023-11-24,2024-02-18,,,
y3St4JvPLxM,"[5분 인물사전]  노벨상 2회 수상자, 방사능의 어머니, 마리 퀴리","오늘의 인물은 마리 퀴리입니다.
한번 받기도 어려운 노벨상을 
다른 분야로 두 번 받으신 엄청나신 분입니다 ㄷㄷㄷ




[Video Source Support]
Youtube channel ""freeticon"" : https://www.youtube.com/c/Freeticon


BGM Info:
Song : Kim Jungsik - Road To You
Music promoted by Vlog Copyright Free Music 
Link :   https://youtu.be/dYcmq0sxy9I?si=tmv6c9-Nc8xtPCC2

ong : Mike Leite - End Of The Earth https://soundcloud.com/mikeleite
Creative Commons — Attribution-ShareAlike 3.0 Unported
Music promoted by Vlog Copyright Free Music 
Link :  https://youtu.be/xXF7zE8mf9I?si=mBSiZmwQPooI_fGM",UC7yToFFf12frfja6GdK2Vcw,5분 인물사전,2023-08-25T04:00:40Z,281,4.68,False,9276,97,3,https://www.youtube.com/watch?v=y3St4JvPLxM,215,11,PF226540,마리 퀴리,뮤지컬,홍익대 대학로 아트센터 대극장,2023-11-24,2024-02-18,,,
Xl9H0yXCMGU,"뮤지컬 '마리퀴리' 2020 프레스콜 '그댄 내게 별' - 김소향, 이봄소리 외","뮤지컬 '마리 퀴리'의 프레스콜이 오늘(6일) 홍익대 대학로 아트센터 대극장에서 열렸다.

뮤지컬 '마리 퀴리'는 여성, 이민자라는 사회적 편견 속 역경과 고난을 이겨낸 ‘마리 퀴리’의 삶을 조명함으로써 두려움에 맞서고 세상과 당당히 마주한 여성 과학자의 성장과 극복에 관한 이야기를 담았다. 이번 재연은 극장 규모를 넓힌 만큼 라이브 밴드를 5인조에서 7인조로 보강하는 등의 변화로 더욱 풍성한 무대를 예고한다.

초연에 참여했던 김소향과 함께 옥주현이 새로운 마리 퀴리로 합류하고, 안느 코발스키 역의 김히어라·이봄소리, 루벤 뒤퐁 역의 김찬호·양승리, 피에르 퀴리 역의 박영수·임별 등이 캐스팅되어 무대를 꾸민다.

오는 9월 27일까지 홍익대 대학로 아트센터 대극장에서 공연되는 뮤지컬 '마리 퀴리'의 아름다운 넘버를 영상으로 만나보자.

* 뮤지컬 '마리 퀴리'를 직접 만나고 싶다면?
▶http://bitly.kr/gECps6psahW

* 더 많은 공연 영상과 알짜배기 정보가 궁금하다면 플레이디비 채널을 구독하세요!

공연의 모든 것 - 플레이DB
http://playdb.co.kr

페이스북 페이지 보고싶다
http://www.facebook.com/allaboutplays

모든 영상의 저작권은 플레이디비가 소유하고 있으며 무단 편집, 업로드 및 재배포를 금지하고 있습니다.

Crew
촬영/편집 : 이우진(wowo0@interpark.com)
컨텐츠 제휴 문의 : 김선경(uncanny@interpark.com)

#뮤지컬 #마리퀴리 #프레스콜",UCmApNdJszz9T-kpxji_xxkA,NOL 티켓,2020-08-06T08:12:50Z,234,3.9,False,107781,1132,35,https://www.youtube.com/watch?v=Xl9H0yXCMGU,83600,1797,PF226540,마리 퀴리,뮤지컬,홍익대 대학로 아트센터 대극장,2023-11-24,2024-02-18,,,
W0p9gKcqrVg,라듐을 발견한 위대한 마리퀴리  |  퀴리부인송  |  과학송,"원자번호 88(팔십팔)번 새원소
#라듐 을 발견하면서 어렵고 
위험한 방사성 연구 결과
인류 복지에 헌신했죠
 
가난한 어린시절 남녀차별
불행에 굴하지 않고 꿈 위해
오랜 준비와 노력 수 천번
실험 거듭한 참된 #과학자
 
퀴리 부인의 방사성 연구로
방사선 검진이 가능하게 되었죠
과학 연구와 발전을 위해서
성과를 아낌없이 내놓죠
 
방사성 연구로 결국은 병을 얻지만
순수한 과학자의 열정과
숭고한 인류애를 간직한
퀴리 부인은 여성 최초의
노벨 과학상 수상자라네

 
(* 곡 : 엘가 '사랑의 인사' , LG사이언스랜드 편곡)

=====================================

LG사이언스랜드는 어린이와 청소년을 위한 신나는 과학포털로, 과학송 외에도 과학을 즐기며 배울 수 있는 다양한 멀티미디어 콘텐츠를 제공하고 있습니다. 모든 서비스는 무료로 이용하실 수 있습니다.

copyright ⓒ 2014 by LG사이언스랜드",UCiCye0GR0DvcY6T5dCc05dA,LGScienceLand,2015-03-26T06:56:46Z,82,1.37,False,44528,112,,https://www.youtube.com/watch?v=W0p9gKcqrVg,96900,560,PF226540,마리 퀴리,뮤지컬,홍익대 대학로 아트센터 대극장,2023-11-24,2024-02-18,,,
PwZ1OQcchww,문과 배우들의 '마리 퀴리' 도전기 #혜화로운공연생활,"🧪 문과 배우들의 '마리 퀴리' 도전기
2025.08.05 뮤지컬 '마리 퀴리' 공부방송 중
-
#뮤지컬 #마리퀴리
#혜공 #공부방송 #다시보기 #하이라이트 

#김려원 #이봄소리 #김아영 배우",UCxvh_vu5OuzhvwLfNyTC7Vg,혜화로운공연생활,2025-08-22T09:00:40Z,57,0.95,True,35848,782,8,https://www.youtube.com/watch?v=PwZ1OQcchww,35100,1447,PF226540,마리 퀴리,뮤지컬,홍익대 대학로 아트센터 대극장,2023-11-24,2024-02-18,,,
r-AQJ1fxhp4,🧪#뮤지컬마리퀴리 시츠프로브 [예측할 수 없고 알려지지 않은],"M8. 예측할 수 없고 알려지지 않은 - 김려원, 테이

뮤지컬 마리 퀴리
2025.07.25 ~ 2025.10.19
광림아트센터 BBCH홀

#뮤지컬 #마리퀴리 #2025마리퀴리 #시츠프로브
#musical #kmusical #musicalmariecurie #mariecuriethemusical",UCQnMBdSbqtXAcaW0frD1rvg,콘텐츠제작사라이브,2025-07-28T10:53:01Z,161,2.68,False,7618,156,4,https://www.youtube.com/watch?v=r-AQJ1fxhp4,13400,936,PF226540,마리 퀴리,뮤지컬,홍익대 대학로 아트센터 대극장,2023-11-24,2024-02-18,,,
BmiVvnL99Ow,퀴리부인 | 위인 동화 | 세계위인 | 몽이키즈,"#동화 #그림명작 #계몽사

--
★위인 동화 -퀴리부인

계몽사 홈페이지:
https://kyemongsa.com/

©Kyemongsa Co., Ltd. All Rights Reserved.",UCPgyamlLITlGwPcSN_v4XMw,몽이키즈,2022-02-21T05:00:08Z,614,10.23,False,20548,92,0,https://www.youtube.com/watch?v=BmiVvnL99Ow,29500,274,PF226540,마리 퀴리,뮤지컬,홍익대 대학로 아트센터 대극장,2023-11-24,2024-02-18,,,
6mrWMKkUb4s,"[ALLIVE] 테이, 박혜나 - 예측할 수 없고 알려지지 않은 | 뮤지컬 '마리 퀴리' | 올라이브 | 굿모닝FM 테이입니다 | MBC 250721 방송","🎥2025.07.21
    
X @radiombc    
Instagram @radiombc    
    
#테이 #박혜나 #마리퀴리 #mariecurie 
#라이브 #LIVE #ALLIVE #올라이브    
#Mhz #므흐즈 #MBCRADIO",UCKNZsAeQXpvI-Mpoc0ZKhsA,Mhz 므흐즈: MBC RADIO,2025-07-21T12:00:11Z,164,2.73,False,6015,106,6,https://www.youtube.com/watch?v=6mrWMKkUb4s,875000,11338,PF226540,마리 퀴리,뮤지컬,홍익대 대학로 아트센터 대극장,2023-11-24,2024-02-18,,,
kMy8LZEuTFE,한 가문에 노벨상이 무려 6개?! 마리 퀴리 가문은 어떻게 노벨상을 받을 수 있었을까? #highlight #벌거벗은세계사 EP.136,"티빙에서 스트리밍 : https://tving.onelink.me/xHqC/gpc4kkic

＜벌거벗은 세계사＞
[월] 밤 10:10 tvN 방송

#벌거벗은세계사 #티빙에서스트리밍",UC78PMQprrZTbU0IlMDsYZPw,tvN Joy,2024-02-01T03:07:53Z,1473,24.55,False,11533,80,5,https://www.youtube.com/watch?v=kMy8LZEuTFE,4520000,112783,PF226540,마리 퀴리,뮤지컬,홍익대 대학로 아트센터 대극장,2023-11-24,2024-02-18,,,
tK6EkIKQh9I,"[풀영상] 뮤지컬 '마리 퀴리' 프레스콜 (김소향과 김찬호, 김히어라, 이봄소리, 양승리 외) [통통TV]","#김소향 #김찬호 #뮤지컬마리퀴리


8월 6일 뮤지컬 '마리 퀴리' 프레스콜 행사가 홍익대 대학로 아트센터에서 진행됐다. 이날 행사에는 배우김소향, 김히어라, 이봄소리, 김찬호, 양승리, 박영수, 임별 등이 참석했다. 



✔️TongTong Culture is a Korean pop culture channel under Yonhap News Agency. 연합뉴스가 만드는 대중문화 전문채널 '통통컬처' (보도자료/출연문의 : syipd@yna.co.kr)",UCHzW_7Mf8G0JxP4b0LoAd7A,K-Culture NOW by 연합뉴스,2020-08-06T08:09:59Z,3286,54.77,False,83598,1507,86,https://www.youtube.com/watch?v=tK6EkIKQh9I,1010000,16469,PF226540,마리 퀴리,뮤지컬,홍익대 대학로 아트센터 대극장,2023-11-24,2024-02-18,,,
5Kw14_zycEM,"[더뮤지컬] 뮤지컬 〈마리 퀴리〉 2025 프레스콜 중 '예측할 수 없고 알려지지 않은' (4k) - 김소향, 테이 | 예스24","뮤지컬 〈마리 퀴리〉
2025.07.25(금) ~ 2025.10.19(일)
광림아트센터 BBCH홀

마리 스클로도프스카 퀴리役 김소향, 옥주현, 박혜나, 김려원
안느 코발스카役 강혜인, 이봄소리, 전민지
루벤 뒤퐁役 박시원, 강태을
피에르 퀴리役 테이, 차윤해
조쉬 바르다/이렌 퀴리役 김아영, 금보미
폴 베타니/병원장役 박영빈, 신은호
아멜리에 마예프스키/루이스 보론스카役 홍이솔, 홍산하
마르친 리핀스키/닥터 샤갈 마르탱役 김지욱, 장준우
레흐 노바크役 송정훈, 김보근
알리샤 바웬사役 장희원, 윤수아

🎥촬영, 편집: 이정은

본 영상은 더뮤지컬이 저작권을 소유하고 있으며 무단 도용, 전재, 복제, 배포를 금지하고 있습니다. 이를 어길 시 민형사상 법적 책임을 질 수 있습니다. (영상 사용 문의: info_themusical@yes24.com)

#뮤지컬 #마리퀴리 #광림아트센터 #BBCH홀 #광림아트센터BBCH홀 #김소향 #옥주현 #박혜나 #김려원 #강혜인 #이봄소리 #전민지 #박시원 #강태을 #테이 #차윤해 #김아영 #금보미 #박영빈 #신은호 #홍이솔 #홍산하 #김지욱 #장준우 #송정훈 #김보근 #장희원 #윤수아 #더뮤지컬",UCDa9z-zpLcRj3KDvn6yot-A,THE MUSICAL,2025-08-07T10:00:50Z,313,5.22,False,6443,109,5,https://www.youtube.com/watch?v=5Kw14_zycEM,69500,2616,PF226540,마리 퀴리,뮤지컬,홍익대 대학로 아트센터 대극장,2023-11-24,2024-02-18,,,
FEt-3OggcHw,[𝐏𝐥𝐚𝐲𝐥𝐢𝐬𝐭] 뮤지컬 마리퀴리 플레이리스트 #마리퀴리,"읹어라/향어라가 오길 바라는 마음을 가지고 뮤지컬 마리퀴리 넘버 한번에 듣기

[타임라인]
00:00 모든 것들의 지도
03:46 블랙 미스 폴란드
07:16 두드려
14:00 라듐 파라다이스
20:46 잘 지내요
23:45 예측할 수 없고 알려지지 않은
28:50 문제 없어
32:02 또 다른 이름
34:54 죽음의 라인
36:52 어둠 속에서
38:59 죽은 직공들을 위한 볼레로
43:22 그댄 내게 별
47:42 예측할 수 없고 알려지지 않은 Reprise

[출처]
모든 것들의 지도 / 블랙 미스 폴란드
https://www.youtube.com/watch?v=uw9YPQMdQR4
두드려
https://www.youtube.com/watch?v=6nQY8rYHMQg&t=505s
라듐파라다이스
https://www.youtube.com/watch?v=nHtB2RLK5eM
잘 지내요
https://www.youtube.com/watch?v=CAIT9YHfD64&t=390s
예측할 수 없고 / 문제 없어
https://www.youtube.com/watch?v=jgpM8iGT7cM
또 다른 이름
https://www.youtube.com/watch?v=bzDgA5suN4c
(사진: https://www.youtube.com/watch?v=CH2c4ttGCeA)
죽음의 라인 / 어둠 속에서
https://www.youtube.com/watch?v=Mh-9KElT1d4
죽은 직공들을 위한 볼레로
https://www.youtube.com/watch?v=r4z9nOpoC8I
그댄 내게 별
https://www.youtube.com/watch?v=mHqVdr2LRE0
예측할 수 없고 알려지지 않은 rep
https://www.youtube.com/watch?v=br1DDLDTVc0

편집: Movavi Video Plus 2022 (https://www.movavi.com/)",UCNsLdAGutrR6cfvnwvF3Ymg,하품,2023-01-14T05:04:41Z,3092,51.53,False,69459,792,22,https://www.youtube.com/watch?v=FEt-3OggcHw,159,77,PF226540,마리 퀴리,뮤지컬,홍익대 대학로 아트센터 대극장,2023-11-24,2024-02-18,,,
R7iRqDIDVhI,[#벌거벗은세계사] 노벨상 수상을 앞둔 마리 퀴리의 불륜설?🥵 소름ㄷㄷ 이미 자녀가 있는 유부남 그것도 남편의 제자와 바람 핌;;,"티빙에서 스트리밍 : https://tving.onelink.me/xHqC/gpc4kkic

＜벌거벗은 세계사＞
[월] 밤 10:10 tvN 방송

#벌거벗은세계사 #티빙에서스트리밍",UC78PMQprrZTbU0IlMDsYZPw,tvN Joy,2024-02-01T23:20:00Z,1025,17.08,False,21287,98,7,https://www.youtube.com/watch?v=R7iRqDIDVhI,4520000,112783,PF226540,마리 퀴리,뮤지컬,홍익대 대학로 아트센터 대극장,2023-11-24,2024-02-18,,,
IE8J-h5K06U,서울시극단 〈퉁소소리〉 하이라이트 | 세종문화회관,"서울시극단  |〈퉁소소리〉 

벌써 이번주 막공!
전 세대를 아우르는 감동적이고도 유쾌한 매력이 흘러넘치는
2025 〈퉁소소리〉 하이라이트🎥
조선시대, 어느 가정이 겪은 파란만장한 대서사시 속으로 초대합니다!

서울시극단
〈퉁소소리〉
2025.9.5(금)-9.28(일)
세종M씨어터

#세종문화회관 #퉁소소리 #서울시극단 #고선웅 #백상예술대상 #연극 #공연 #공연추천

💛세종문화회관 SNS
인스타그램 https://www.instagram.com/sejongcenter
페이스북 https://www.facebook.com/sjcenter
블로그 https://blog.naver.com/sejongnanum",UCCqaPJqI5q1kfO51qWWOjrQ,세종문화회관 Sejong Center,2025-09-24T01:58:22Z,525,8.75,False,519,12,0,https://www.youtube.com/watch?v=IE8J-h5K06U,36000,1010,PF233740,"서울시극단, 퉁소소리",연극,세종문화회관 세종M씨어터,2024-11-11,2024-11-27,,,
7nUKCMSiPj8,“살아 있으면 좋은 일이 생긴다” 조선판 블록버스터〈퉁소소리〉 | 세종문화회관,"서울시극단｜퉁소소리

🏆 2025 백상예술대상 백상연극상 수상
🚩 조위한 고소설 '최척전' 원작, 고선웅 각색·연출

다시 돌아온,
조선판 블록버스터 연극

“살아 있으면 좋은 일이 생긴다”

〈퉁소소리〉9월 𝑪𝒐𝒎𝒊𝒏𝒈 𝑺𝒐𝒐𝒏ㅡ

서울시극단
〈퉁소소리〉
2025.9.5(금)-9.28(일)
세종M씨어터

#세종문화회관 #퉁소소리 #서울시극단 #고선웅 #백상예술대상 #연극 #공연 #커밍쑨 #공연추천

💛세종문화회관 SNS
인스타그램 https://www.instagram.com/sejongcenter
페이스북 https://www.facebook.com/sjcenter
블로그 https://blog.naver.com/sejongnanum",UCCqaPJqI5q1kfO51qWWOjrQ,세종문화회관 Sejong Center,2025-08-21T08:53:13Z,36,0.6,True,10464,77,2,https://www.youtube.com/watch?v=7nUKCMSiPj8,36000,1010,PF233740,"서울시극단, 퉁소소리",연극,세종문화회관 세종M씨어터,2024-11-11,2024-11-27,,,
_nc_s--GnTU,연극 〈퉁소소리〉하이라이트 | 세종문화회관,"서울시극단｜퉁소소리

임진왜란과 정유재란을 겪고
동북아시아를 넘나들며 펼쳐지는
최척 일가의 가슴 아픈 이별과 감동적인 재회

만남과 헤어짐을 반복하면서도
잃지 않는 희망과 끈끈한 가족애를 그린
아름답고도 탄탄한 서사!

고선웅 연출 특유의 재기발랄한 감각과
배우들의 열연이 빛나는
연극 〈퉁소소리〉를 절대 놓치지 마세요✨

서울시극단
〈퉁소소리〉
2024.11.11(월)-11.27(수)
세종M씨어터

#세종문화회관 #서울시극단 #퉁소소리 #고선웅 #이호재 #정새별 #박영민 #조선시대 #서울시극단 #연극 #퉁소소리 #공연 #공연추천

💛세종문화회관 SNS
인스타그램 https://www.instagram.com/sejongcenter
페이스북 https://www.facebook.com/sjcenter
블로그 https://blog.naver.com/sejongnanum",UCCqaPJqI5q1kfO51qWWOjrQ,세종문화회관 Sejong Center,2024-11-13T05:00:32Z,895,14.92,False,4171,47,2,https://www.youtube.com/watch?v=_nc_s--GnTU,36000,1010,PF233740,"서울시극단, 퉁소소리",연극,세종문화회관 세종M씨어터,2024-11-11,2024-11-27,,,
iwktM2K-dQ0,#연극퉁소소리 #퉁소소리 #연극추천 #백상연극상#서울시극단 #세종문화회관 #세종M씨어터 #웹진담담,,UCGLASVu6wuqC4lg69tfXKAw,[한국국학진흥원]스토리테마파크,2025-09-09T01:12:05Z,31,0.52,True,614,2,1,https://www.youtube.com/watch?v=iwktM2K-dQ0,560,342,PF233740,"서울시극단, 퉁소소리",연극,세종문화회관 세종M씨어터,2024-11-11,2024-11-27,,,
T2SvowdU-xg,"이건 첫 번째 레슨, 퉁소소리 미리 보기 | 세종문화회관","서울시극단｜퉁소소리

📣 이건 첫 번째 레슨
좋은 건 너만 알지 말기

📣 이제 두 번째 레슨
돌아온 '퉁소소리' 공연 여기저기 소문내기

작년에 피치 못할 사정으로 못 보신 분? 
한 번 보고 N주행 결심하신 분?
아기다리고기다리신 모든 분을 위해 준비한 희소식!✨

“퉁소소리는 아직 끝나지 않았다네.”

🏆 2025 백상예술대상 백상연극상 수상
🚩 조위한 고소설 '최척전' 원작, 고선웅 각색·연출
'퉁소소리' 9월 𝑪𝒐𝒎𝒊𝒏𝒈 𝑺𝒐𝒐𝒏ㅡ

서울시극단
〈퉁소소리〉
2025.9.5(금)-9.28(일)
세종M씨어터

#세종문화회관 #퉁소소리 #서울시극단 #고선웅 #백상예술대상 #연극 #공연 #커밍쑨 #thanku #공연추천

💛세종문화회관 SNS
인스타그램 https://www.instagram.com/sejongcenter
페이스북 https://www.facebook.com/sjcenter
블로그 https://blog.naver.com/sejongnanum",UCCqaPJqI5q1kfO51qWWOjrQ,세종문화회관 Sejong Center,2025-07-25T00:39:30Z,27,0.45,True,79105,691,1,https://www.youtube.com/watch?v=T2SvowdU-xg,36000,1010,PF233740,"서울시극단, 퉁소소리",연극,세종문화회관 세종M씨어터,2024-11-11,2024-11-27,,,
cuJRWJJDQIk,서울시극단 연극 '퉁소소리' 명장면 하이라이트,2024년 11월 11일 프레스콜 현장,UCMM9oBz5_6CVXyR9LDcx3Nw,위드인뉴스,2024-11-11T14:00:31Z,342,5.7,False,364,1,0,https://www.youtube.com/watch?v=cuJRWJJDQIk,4430,2437,PF233740,"서울시극단, 퉁소소리",연극,세종문화회관 세종M씨어터,2024-11-11,2024-11-27,,,
I3ojWXnLlIQ,연극〈퉁소소리〉 고선웅 연출 키워드 인터뷰 | 세종문화회관,"서울시극단 | 퉁소소리

""괜찮아, 스스로 위로하듯이""

고선웅 연출의 재치 가득한 키워드 인터뷰!
영상으로 만나보세요👏

🚩 조휘안 고소설 '최척전' 원작, 고선웅 각색·연출
〈퉁소소리〉 오늘 개막!

서울시극단
〈퉁소소리〉
2024.11.11(월)-11.27(수)
세종M씨어터

#세종문화회관 #퉁소소리 #서울시극단 #고선웅 #이호재 #정새별 #박영민 #장연익 #강신구 #김신기 #류주연 #오현우 #최나라 #이원희 #전재형 #박장면 #이승우 #민경석 #윤준호 #김용준 #최아론 #최민혁 #박예리 #이석중 #연극 #공연 #공연추천

💛세종문화회관 SNS
인스타그램 https://www.instagram.com/sejongcenter
페이스북 https://www.facebook.com/sjcenter
블로그 https://blog.naver.com/sejongnanum",UCCqaPJqI5q1kfO51qWWOjrQ,세종문화회관 Sejong Center,2024-11-11T02:08:36Z,116,1.93,False,4891,48,2,https://www.youtube.com/watch?v=I3ojWXnLlIQ,36000,1010,PF233740,"서울시극단, 퉁소소리",연극,세종문화회관 세종M씨어터,2024-11-11,2024-11-27,,,
VjodPkTivGM,서울시극단 연극 퉁소소리 - 옥영과 최척의 재회,,UCMM9oBz5_6CVXyR9LDcx3Nw,위드인뉴스,2024-11-11T14:13:35Z,60,1.0,True,620,7,1,https://www.youtube.com/watch?v=VjodPkTivGM,4430,2437,PF233740,"서울시극단, 퉁소소리",연극,세종문화회관 세종M씨어터,2024-11-11,2024-11-27,,,
ExptiDcmNj8,241127 서울시극단 퉁소소리 초연막공 커튼콜,,UCxanIX3psX1tDT6ny96yLsw,크림맘,2024-12-02T17:35:18Z,40,0.67,True,28,0,0,https://www.youtube.com/watch?v=ExptiDcmNj8,9730,399,PF233740,"서울시극단, 퉁소소리",연극,세종문화회관 세종M씨어터,2024-11-11,2024-11-27,,,
gvYkYz2KSq0,연극 〈퉁소소리〉 연습현장 스케치📷 | 세종문화회관,"서울시극단｜퉁소소리

연극 〈퉁소소리〉 연습현장 스케치📷

평범한 민초, 해적장, 후금의 장수 등
다채로운 연기로 관객들을 울고 웃게 만들
배우들의 열연을 영상으로 만나보세요!

📜 조선, 최척이 들려주는 이야기

최척은 옥영과 혼인을 언약하지만 임진왜란이 일어나자 의병으로 참전하면서 헤어진다.
우여곡적을 겪고 혼례하여 아이를 낳는다.
다시 정유재란이 일어나고 최척은 식량을 구하러 가면서 가족과 헤어진다.
최척은 중국 배를 타고 떠돌고, 옥영은 일본 배를 타고 떠돌다 베트남 항구에서 기적처럼 만난다.
하지만 또 다시 반란이 일어나고 최척과 옥영은 긴 이별을 하는데...

서울시극단
〈퉁소소리〉
2024.11.11(월)-11.27(수)
세종M씨어터

#세종문화회관 #서울시극단 #퉁소소리 #고선웅 #이호재 #정새별 #박영민 #장연익 #강신구 #김신기 #류주연 #오현우 #최나라 #이원희 #전재형 #박장면 #이승우 #민경석 #윤준호 #김용준 #최아론 #최민혁 #박예리 #이석중 #서울시극단 #연극 #퉁소소리 #연습실


💛세종문화회관 SNS
인스타그램 https://www.instagram.com/sejongcenter
페이스북 https://www.facebook.com/sjcenter
블로그 https://blog.naver.com/sejongnanum",UCCqaPJqI5q1kfO51qWWOjrQ,세종문화회관 Sejong Center,2024-11-01T07:15:03Z,689,11.48,False,1679,23,6,https://www.youtube.com/watch?v=gvYkYz2KSq0,36000,1010,PF233740,"서울시극단, 퉁소소리",연극,세종문화회관 세종M씨어터,2024-11-11,2024-11-27,,,
0Urh71nytpk,"조선시대, 어느 가정의 파란만장한 대서사시 연극《퉁소소리》| 세종문화회관","서울시극단｜연극 《퉁소소리》

연극《퉁소소리》 #TEASER
노최척 이호재 배우의 티저 영상🎬

""이제는 다 늙어버린 최척이올시다. 
끝없이 사지를 넘나들고 이별하다 결국 재회하는
우리 가족의 이야기를 들어보시지요.""

조선시대, 어느 가정의 파란만장한 대서사시를
영상으로 먼저 만나보세요! 

서울시극단 
연극 《퉁소소리》
2024.11.11(월)-11.27(수)
세종M씨어터

#고선웅 #이호재 #정새별 #박영민 #장연익 #강신구 #김신기 #류주연 #오현우 #최나라 #이원희 #전재형 #박장면 #이승우 #민경석 #윤준호 #김용준 #최아론 #최민혁 #박예리 #이석중 

💛세종문화회관 SNS
인스타그램 https://www.instagram.com/sejongcenter
페이스북 https://www.facebook.com/sjcenter
블로그 https://blog.naver.com/sejongnanum",UCCqaPJqI5q1kfO51qWWOjrQ,세종문화회관 Sejong Center,2024-10-14T02:30:00Z,33,0.55,True,1969,11,3,https://www.youtube.com/watch?v=0Urh71nytpk,36000,1010,PF233740,"서울시극단, 퉁소소리",연극,세종문화회관 세종M씨어터,2024-11-11,2024-11-27,,,
EgLEcS4XCi8,연극〈퉁소소리〉관객과의 대화 현장 공개😀 | 세종문화회관,"서울시극단｜퉁소소리

고선웅 연출과 배우들이 함께한
관객과의 대화 현장을 공개합니다😀

블록버스터급 스케일의 〈퉁소소리〉
폐막이 얼마 남지 않았으니
예매를 서둘러 주세요!

서울시극단
〈퉁소소리〉
2024.11.11(월)-11.27(수)
세종M씨어터

#세종문화회관 #서울시극단 #퉁소소리 #고선웅 #이호재 #관객과의대화 #연극퉁소소리 #블록버스터 #공연 #연극 #공연추천

💛세종문화회관 SNS
인스타그램 https://www.instagram.com/sejongcenter
페이스북 https://www.facebook.com/sjcenter
블로그 https://blog.naver.com/sejongnanum",UCCqaPJqI5q1kfO51qWWOjrQ,세종문화회관 Sejong Center,2024-11-20T07:00:07Z,142,2.37,False,192,6,1,https://www.youtube.com/watch?v=EgLEcS4XCi8,36000,1010,PF233740,"서울시극단, 퉁소소리",연극,세종문화회관 세종M씨어터,2024-11-11,2024-11-27,,,
HnmcxdzamAQ,연극 퉁소소리 애원성,"2024년 11월11일~11월27일 세종문화회관 M시어터
퉁소소리 많이 보러오세요^^
연출:고선웅
음악감독:장태평
서울시극단",UCCnbK-ubB3LNYQtWxuckMAQ,차루빈,2024-10-24T10:56:07Z,104,1.73,False,2668,68,12,https://www.youtube.com/watch?v=HnmcxdzamAQ,1420,120,PF233740,"서울시극단, 퉁소소리",연극,세종문화회관 세종M씨어터,2024-11-11,2024-11-27,,,
vms-8YbarkE,조선시대에 이런 글로벌 서사? 연극적 블록버스터는 이런 것!ㅣ연출가 고선웅 / 커튼콜 281회 / 풀영상 / 골라듣는 뉴스룸 / SBS,"커튼콜 281회에서는 연극, 뮤지컬, 창극 등 여러 장르를 넘나드는 스타 연출가 고선웅 씨를 만납니다. 현재 그가 연출한 서울시극단 '퉁소소리'가 지난해에 이어 두 번째로 공연되고 있는데요, 조선시대 소설 '최척전'이 원작인 이 연극은 조선과 일본, 중국, 베트남을 넘나들며 긴 세월 가족이 만나고 헤어지고, 다시 만나는 과정을 그려내며 관객을 울리고, 웃기고, 깊은 울림을 전합니다. 원로 배우 이호재 씨가 무대의 중심을 잡고, 오디션으로 발탁된 주역, 1인 다역을 매끄럽게 소화하는 조역들의 연기가 조화롭게 어울립니다. 웃다가도 울고, 울다가도 웃는 우리네 삶과 닮은 연극 이야기 나눠봅니다. 현재 준비 중인 소리극 '서편제', 창립 20주년을 맞은 극 공작소 '마방진' 이야기도 흥미롭습니다. 

♬ 서울시극단 '퉁소소리' 하이라이트 (영상 제공 : 세종문화회관)

진행 : SBS 김수현 문화전문기자, 이병희 아나운서 l 연출가 고선웅 l 글·편집 : 김은혜 PD
사진 및 영상 제공출처 : 세종문화회관, 국립정동극장, 극단 마방진 인스타그램
유튜브 재생목록 '김수현 문화전문기자의 커튼콜'을 추가해 보세요. https://han.gl/3YIq8

Copyright Ⓒ SBS. All rights reserved. 무단 전재, 재배포 및 AI학습 이용 금지",UCkinYTS9IHqOEwR1Sze2JTw,SBS 뉴스,2025-09-26T01:01:09Z,4353,72.55,False,514,8,0,https://www.youtube.com/watch?v=vms-8YbarkE,5240000,344837,PF233740,"서울시극단, 퉁소소리",연극,세종문화회관 세종M씨어터,2024-11-11,2024-11-27,,,
iFWFiAEUlWU,"서울시극단 〈유령〉 (𝙄,𝙢 𝙣𝙤𝙬𝙝𝙚𝙧𝙚)  | 세종문화회관","서울시극단 | 유령

사람답게 살지 못하고 초라하게 사라진 이들의 이야기

𝑆𝑦𝑛𝑜𝑝𝑠𝑖𝑠
'배명순'은 남편의 폭력을 피해 가출한다. 
이름까지 바꾸며 험난한 세월을 보낸 지 16년, 
말기 암 진단을 받고 무연고자로 쓸쓸히 죽음을 맞이한다. 
그는 시신 안치실에서 화장되지 못한 채 떠도는 유령들을 만나는데...

백상예술대상 연극 부문 작품상 수상 〈퉁소소리〉
고선웅 연출이 14년 만에 선보이는 창작 신작!

𝙸'𝚖 𝚗𝚘𝚠𝚑𝚎𝚛𝚎—유령 𝘊𝘰𝘮𝘪𝘯𝘨 𝘚𝘰𝘰𝘯

서울시극단  〈유령〉
2025. 5. 30–6. 22
세종S씨어터

#세종문화회관 #서울시극단 #연극 #고선웅 #서울시극단장 #신현종 #강신구 #김신기 #이지하 #최나라 #홍의준 #이승우


💛세종문화회관 SNS
인스타그램 https://www.instagram.com/sejongcenter
페이스북 https://www.facebook.com/sjcenter
블로그 https://blog.naver.com/sejongnanum",UCCqaPJqI5q1kfO51qWWOjrQ,세종문화회관 Sejong Center,2025-05-07T06:00:38Z,36,0.6,True,56794,94,0,https://www.youtube.com/watch?v=iFWFiAEUlWU,36000,1010,PF233740,"서울시극단, 퉁소소리",연극,세종문화회관 세종M씨어터,2024-11-11,2024-11-27,,,
3sIF_VdLZtM,"연출 고선웅 ""들키는 연극이 마음속에 다가오는 것 같다""  연극 퉁소소리",2024년 11월 11일 프레스콜 현장,UCMM9oBz5_6CVXyR9LDcx3Nw,위드인뉴스,2024-11-11T13:58:21Z,304,5.07,False,104,2,0,https://www.youtube.com/watch?v=3sIF_VdLZtM,4430,2437,PF233740,"서울시극단, 퉁소소리",연극,세종문화회관 세종M씨어터,2024-11-11,2024-11-27,,,
C8xdtOcHasQ,"배우 정새별 ""옥영은 정말 강한 인물"" 연극 '퉁소소리'",2024년 11월 11일 프레스콜 현장,UCMM9oBz5_6CVXyR9LDcx3Nw,위드인뉴스,2024-11-11T13:58:26Z,190,3.17,False,111,2,1,https://www.youtube.com/watch?v=C8xdtOcHasQ,4430,2437,PF233740,"서울시극단, 퉁소소리",연극,세종문화회관 세종M씨어터,2024-11-11,2024-11-27,,,
24FksY9EVHw,"세종문화회관 M씨어터 연극 퉁소소리 프레스콜, 플레이뉴스 문성식 편집장 촬영 편집",,UCfvlWjrj5-HLvNqv9hKxlpg,플레이뉴스(이화미디어),2024-11-11T12:25:32Z,1808,30.13,False,145,2,0,https://www.youtube.com/watch?v=24FksY9EVHw,3810,1844,PF233740,"서울시극단, 퉁소소리",연극,세종문화회관 세종M씨어터,2024-11-11,2024-11-27,,,
9HyNcGAA8LI,서울시극단 〈유령〉하이라이트 | 세종문화회관,"서울시극단 | 유령

""제 인생은 분명 한 편의 연극이었어요.
하지만 리바이벌은 절대로 하고 싶지 않은!""

삶과 죽음의 경계, 그 너머에서 피어나는
가장 인간적인 유령들의 이야기

백상예술대상 작품상 〈퉁소소리〉 고선웅 연출이
14년 만에 선보이는 오리지널 창작극!

연극과 현실을 오가며 펼쳐지는 몰입감 넘치는 무대를
하이라이트 영상으로 먼저 만나보세요🎭

서울시극단
〈유령〉
2025.5.30(금)-6.22(일)
세종S씨어터

#세종문화회관 #서울시극단 #유령 #세종S씨어터 #고선웅 #퉁소소리 #백상예술대상 #작품상 #신작 #연극 #연극추천 #공연 #공연추천

💛세종문화회관 SNS
인스타그램 https://www.instagram.com/sejongcenter
페이스북 https://www.facebook.com/sjcenter
블로그 https://blog.naver.com/sejongnanum",UCCqaPJqI5q1kfO51qWWOjrQ,세종문화회관 Sejong Center,2025-06-09T04:47:00Z,165,2.75,False,459,6,1,https://www.youtube.com/watch?v=9HyNcGAA8LI,36000,1010,PF233740,"서울시극단, 퉁소소리",연극,세종문화회관 세종M씨어터,2024-11-11,2024-11-27,,,
NOD2rRFujgM,"""세상은 무대고, 인간은 배우라는 말을 무대에서 증명해보고 싶었습니다."" | 세종문화회관","서울시극단 | 유령

""세상은 무대고, 인간은 배우라는 말을
무대에서 증명해보고 싶었습니다."" —고선웅 연출가

백상예술대상 연극 부문 작품상 수상 〈퉁소소리〉
고선웅 연출이 14년 만에 선보이는 창작 신작!
사람답게 살지 못하고 초라하게 사라진 이들의 이야기

𝑆𝑦𝑛𝑜𝑝𝑠𝑖𝑠
'배명순'은 남편의 폭력을 피해 가출한다.
이름까지 바꾸며 험난한 세월을 보낸 지 16년,
말기 암 진단을 받고 무연고자로 쓸쓸히 죽음을 맞이한다.
그는 시신 안치실에서 화장되지 못한 채 떠도는 유령들을 만나는데...

𝙸'𝚖 𝚗𝚘𝚠𝚑𝚎𝚛𝚎—유령 𝑪𝒐𝒎𝒊𝒏𝒈 𝑺𝒐𝒐𝒏

서울시극단 
〈유령〉
2025. 5. 30–6. 22
세종S씨어터
⠀
#세종문화회관 #서울시극단 #연극 #고선웅 #서울시극단장 #신현종 #강신구 #김신기 #이지하 #전유경 #홍의준 #이승우


💛세종문화회관 SNS
인스타그램 https://www.instagram.com/sejongcenter
페이스북 https://www.facebook.com/sjcenter
블로그 https://blog.naver.com/sejongnanum",UCCqaPJqI5q1kfO51qWWOjrQ,세종문화회관 Sejong Center,2025-05-16T05:00:32Z,86,1.43,False,9079,2414,1,https://www.youtube.com/watch?v=NOD2rRFujgM,36000,1010,PF233740,"서울시극단, 퉁소소리",연극,세종문화회관 세종M씨어터,2024-11-11,2024-11-27,,,
idP_G0jKxKg,"존재만으로 압도한다, '퉁소소리' 이호재 #커튼콜 #shorts","한국, 중국, 일본, 베트남을 넘나드는 ‘글로벌 서사’! 과연 이 거대한 이야기를 고선웅 씨는 어떻게 연극 무대로 옮겼을까요? 자세한 내용은 SBS 골라듣는 뉴스룸《커튼콜》본편에서 만날 수 있습니다.
https://youtu.be/vms-8YbarkE

📸세종문화회관

Copyright Ⓒ SBS. All rights reserved. 무단 전재, 재배포 및 AI학습 이용 금지",UCkinYTS9IHqOEwR1Sze2JTw,SBS 뉴스,2025-09-26T09:01:20Z,121,2.02,False,2145,7,0,https://www.youtube.com/watch?v=idP_G0jKxKg,5240000,344837,PF233740,"서울시극단, 퉁소소리",연극,세종문화회관 세종M씨어터,2024-11-11,2024-11-27,,,
sH2KO2EnlYs,"어느 좋은 봄밤, 최척과 옥영의 찬란한 순간 | 세종문화회관","서울시극단｜퉁소소리

“퉁소 소리는 아직 끝나지 않았네.” 

어느 좋은 봄밤, 
최척과 옥영의 찬란한 순간

🚩 조휘안 고소설 '최척전' 원작, 고선웅 각색·연출
〈퉁소소리〉 Coming Soon

서울시극단
〈퉁소소리〉
2024.11.11(월)-11.27(수)
세종M씨어터

#세종문화회관 #퉁소소리 #서울시극단 #고선웅 #이호재 #정새별 #박영민 #장연익 #강신구 #김신기 #류주연 #오현우 #최나라 #이원희 #전재형 #박장면 #이승우 #민경석 #윤준호 #김용준 #최아론 #최민혁 #박예리 #이석중 #연극 #공연 #공연추천

💛세종문화회관 SNS
인스타그램 https://www.instagram.com/sejongcenter
페이스북 https://www.facebook.com/sjcenter
블로그 https://blog.naver.com/sejongnanum",UCCqaPJqI5q1kfO51qWWOjrQ,세종문화회관 Sejong Center,2024-11-06T05:00:48Z,50,0.83,True,1924,7,1,https://www.youtube.com/watch?v=sH2KO2EnlYs,36000,1010,PF233740,"서울시극단, 퉁소소리",연극,세종문화회관 세종M씨어터,2024-11-11,2024-11-27,,,
nhdi00d4DVo,"[임수민의 지금 이 사람] 연극, 뮤지컬, 축제 등 장르를 넘나드는 고선웅 예술감독 (1)｜ KBS 250425 방송","""연극, 뮤지컬, 축제 등 장르를 넘나드는 고선웅 예술감독 (1)
- 2025 봄 궁중문화축전 개막제 연출 맡아... 궁궐 배경 연출의 매력은?
- 연극 동아리에서 희곡 작가, 스타 연출가가 되기까지의 이야기""",UCMLJc_D3jgFcS_48G7i4V0A,KBS 1라디오,2025-05-07T07:04:00Z,1679,27.98,False,118,1,0,https://www.youtube.com/watch?v=nhdi00d4DVo,1380000,37316,PF233740,"서울시극단, 퉁소소리",연극,세종문화회관 세종M씨어터,2024-11-11,2024-11-27,,,
-AOHzYD1CKA,"광고회사 다니다가 연출가로, 굽이진 인생에서 연극을 선택한 이유 / 커튼콜 / 더 골라듣는 뉴스룸 / SBS","[2025년 9월 19일 녹화]

연극 '퉁소 소리' '조씨고아, 복수의 씨앗' 창극 '귀토' '변강쇠 점 찍고 옹녀' 등 수많은 화제작을 연출한 고선웅 씨는 대학 시절 동아리에서 연극을 연출했고, 신춘문예로 등단한 극작가이기도 합니다. 대학 졸업 후 광고 회사에 취직해 평범한 직장인으로 보낸 시간도 있었지만, 연극에 대한 열정은 그를 '연극쟁이'의 길로 이끌었습니다. 
고선웅 씨가 만든 극단 '마방진'은 우리 연극계에서 굳건한 위상을 차지하고 있는데요, 곧 설립 20주년을 맞게 되죠. '마방진'이라는 이름에는 어떤 의미가 있을까요? 그는 연극이 도 닦는 일과 같다고 했는데, 그 이유는 무엇일까요? 흥미로운 연극과 인생 이야기, 놓치지 마세요.
https://youtu.be/vms-8YbarkE

📸극단 마방진 인스타그램

Copyright Ⓒ SBS. All rights reserved. 무단 전재, 재배포 및 AI학습 이용 금지",UCkinYTS9IHqOEwR1Sze2JTw,SBS 뉴스,2025-09-26T08:00:00Z,616,10.27,False,659,9,0,https://www.youtube.com/watch?v=-AOHzYD1CKA,5240000,344837,PF233740,"서울시극단, 퉁소소리",연극,세종문화회관 세종M씨어터,2024-11-11,2024-11-27,,,
ERgCk8ybdqM,2025 백상연극상 수상 고선웅 창작 신작 〈유령〉메이킹 필름 | 세종문화회관,"서울시극단 | 유령

""세상은 무대고, 인간은 배우라는 말을
무대에서 증명해보고 싶었습니다."" —고선웅 연출가

백상예술대상 연극 부문 작품상 수상 〈퉁소소리〉
고선웅 연출이 14년 만에 선보이는 창작 신작!
사람답게 살지 못하고 초라하게 사라진 이들의 이야기

𝑆𝑦𝑛𝑜𝑝𝑠𝑖𝑠
'배명순'은 남편의 폭력을 피해 가출한다.
이름까지 바꾸며 험난한 세월을 보낸 지 16년,
말기 암 진단을 받고 무연고자로 쓸쓸히 죽음을 맞이한다.
그는 시신 안치실에서 화장되지 못한 채 떠도는 유령들을 만나는데...

𝙸'𝚖 𝚗𝚘𝚠𝚑𝚎𝚛𝚎—유령 𝑪𝒐𝒎𝒊𝒏𝒈 𝑺𝒐𝒐𝒏

서울시극단 
〈유령〉
2025. 5. 30–6. 22
세종S씨어터
⠀
⠀
#세종문화회관 #서울시극단 #연극 #고선웅 #서울시극단장 #신현종 #강신구 #김신기 #이지하 #전유경 #홍의준 #이승우


💛세종문화회관 SNS
인스타그램 https://www.instagram.com/sejongcenter
페이스북 https://www.facebook.com/sjcenter
블로그 https://blog.naver.com/sejongnanum",UCCqaPJqI5q1kfO51qWWOjrQ,세종문화회관 Sejong Center,2025-05-16T05:00:28Z,181,3.02,False,792,18,1,https://www.youtube.com/watch?v=ERgCk8ybdqM,36000,1010,PF233740,"서울시극단, 퉁소소리",연극,세종문화회관 세종M씨어터,2024-11-11,2024-11-27,,,
W1s_O2aPbIc,"한·중·일·베트남 넘나든 사랑, 17세기 조선에 이런 글로벌 서사?! / 커튼콜 / 더 골라듣는 뉴스룸 / SBS","[2025년 9월 19일 녹화]

 임진왜란·정유재란, 명청 교체기의 격랑 속에서 헤어졌다가 만나기를 반복하는 최척과 옥영. 17세기 고전소설 '최척전'을 바탕으로, 고선웅 연출가가 무대 위에 옮긴 작품이 바로 연극 '퉁소 소리'입니다. 놀랍게도 원작 소설은 한국, 중국, 일본, 베트남을 넘나드는 ‘글로벌 서사’! 과연 이 거대한 이야기를 고선웅 씨는 어떻게 연극 무대로 옮겼을까요? '퉁소 소리' 주요 장면을 고선웅 씨와 함께 보면서 그 흥미진진한 뒷이야기를 직접 들어봅니다.
https://youtu.be/vms-8YbarkE

📸세종문화회관

Copyright Ⓒ SBS. All rights reserved. 무단 전재, 재배포 및 AI학습 이용 금지",UCkinYTS9IHqOEwR1Sze2JTw,SBS 뉴스,2025-09-28T08:00:38Z,1014,16.9,False,1106,1,1,https://www.youtube.com/watch?v=W1s_O2aPbIc,5240000,344837,PF233740,"서울시극단, 퉁소소리",연극,세종문화회관 세종M씨어터,2024-11-11,2024-11-27,,,
XOq6-Yeq7XQ,"""공연 중에 왜 앙코르?""…돌발 행동 '역대급 사태' #shorts","#앙코르 #커튼콜 #토스카

더 자세한 정보 보기 
https://news.sbs.co.kr/y/?id=N1007794627
 
#SBS뉴스 #8뉴스 

▶SBS 뉴스 채널 구독하기 : https://n.sbs.co.kr/youtube 
▶SBS 뉴스 라이브 : https://n.sbs.co.kr/youtubeLive , https://n.sbs.co.kr/live 
▶SBS 뉴스 제보하기
홈페이지: https://n.sbs.co.kr/inform 
애플리케이션: 'SBS뉴스' 앱 설치하고 제보 - https://n.sbs.co.kr/App 
카카오톡: 'SBS뉴스'와 친구 맺고 채팅 - https://pf.kakao.com/_ewsdq/chat 
페이스북: 'SBS뉴스' 메시지 전송 - https://www.facebook.com/sbs8news 
이메일: sbs8news@sbs.co.kr 
문자: #6000 
전화: 02-2113-6000 

홈페이지: https://news.sbs.co.kr/ 
페이스북: https://www.facebook.com/sbs8news 
X(구:트위터): https://www.twitter.com/sbs8news
카카오톡: https://pf.kakao.com/_ewsdq
인스타그램: https://www.instagram.com/sbsnews

Copyright Ⓒ SBS. All rights reserved. 무단 전재, 재배포 및 AI학습 이용 금지",UCkinYTS9IHqOEwR1Sze2JTw,SBS 뉴스,2024-09-09T13:45:03Z,60,1.0,True,1238079,14422,982,https://www.youtube.com/watch?v=XOq6-Yeq7XQ,5240000,344837,PF233740,"서울시극단, 퉁소소리",연극,세종문화회관 세종M씨어터,2024-11-11,2024-11-27,,,
NXVCTF-i_Ng,'배우 생활만 60년'...이호재·송승환 관록의 무대 / YTN,"[앵커]
깊어가는 가을, 관록의 배우들이 연극 무대에 섭니다.

관록의 배우 이호재는 고선웅 단장이 연출한 무대에서 관객들을 만나고 60년 차 배우 송승환은 처음으로 '배우' 역할을 맡았습니다.

두 작품 모두 전쟁통에 벌어지는 이야기를 다룹니다.

이광연 기잡니다.

[기자]
두루마기를 입은 원로배우 이호재가 30년에 걸친 방대한 서사를 술술 이야기합니다.

조선 시대 문인 조위한의 소설이 원작인 연극 '퉁소 소리'.

전란의 소용돌이에 휩쓸린 두 사람의 이별과 해후를 중국과 일본, 베트남을 배경으로 속도감 있게 펼쳐냅니다.

[이호재 /연극 [퉁소소리] 배우 : 역사는 반복된다, 그 얘기만 기억하시면 돼요// 셰익스피어 400년여 전 작품 아직도 하는 거 보세요, 세상은 어찌 됐든 도는 거에요.]

고전을 현대적으로 재해석하는 연출로 호평받는 고선웅 서울시극단장이 15년 고민 끝에 무대에 올리는 데 성공했습니다.

[고선웅/ 연극 [퉁소소리] 연출 겸 각색 : 로드 씨어터 같은 느낌이 있는데 장황한 이야기를 한정된 자원으로 한정된 배우의 수로 무대화 한다는 게 조금 시각적으로도 설득력을 가져야 하기 때문에 작심하는 게 굉장히 어려웠고….]

공연 중에 배우의 옷을 챙기며 의상 전환을 돕는 '드레서',

영화 피아니스트로 아카데미상에서 각본상을 받은 로널드 하우드가 쓴 작품으로 드레서 '노먼'과 노배우를 통해 인간의 다양한 면모를 꼬집습니다.

전쟁의 폭격 속에서도 227번째 리어왕을 연기할 정도로 사명감이 크지만

무대 뒤에선 생떼를 부리는 '선생님' 역할을 60년 차 배우 송승환이 맡았습니다.

[송승환 / 연극 [더 드레서] : 드라마부터 영화, 연극 100편 이상 했는데 배우 역할은 처음이거든요.]

극단주면서 배우, 그것이 이제 '선생님'과 저의 같은 점이죠. 서로의 고충을 제가 잘 알거든요.

국립정동극장이 '은세계' 이후 12년 만에 선보인 연극 '더 드레서'

2021년 재연을 거쳐 세 번째로 관객들을 만나고 있습니다.

YTN 이광연입니다.



촬영기자:이현오 

화면제공:국립정동극장





YTN 이광연 (hyewon@ytn.co.kr)

※ '당신의 제보가 뉴스가 됩니다'
[카카오톡] YTN 검색해 채널 추가
[전화] 02-398-8585
[메일] social@ytn.co.kr

▶ 기사 원문 : https://www.ytn.co.kr/_ln/0106_202411020437261471
▶ 제보 하기 : https://mj.ytn.co.kr/mj/mj_write.php

▣ YTN 유튜브 채널 구독 : http://goo.gl/Ytb5SZ

ⓒ YTN 무단 전재, 재배포금지 및 AI 데이터 활용 금지",UChlgI3UHCOnwUGzWzbJ3H5w, YTN,2024-11-01T19:42:39Z,155,2.58,False,1196,4,0,https://www.youtube.com/watch?v=NXVCTF-i_Ng,5360000,964743,PF233740,"서울시극단, 퉁소소리",연극,세종문화회관 세종M씨어터,2024-11-11,2024-11-27,,,
IjVXkEBflq4,'배우 생활만 60년'...이호재·송승환 관록의 무대 / YTN,"[앵커]
깊어가는 가을, 관록의 배우들이 연극 무대에 섭니다.

관록의 배우 이호재는 고선웅 단장이 연출한 무대에서 관객들을 만나고 60년 차 배우 송승환은 처음으로 '배우' 역할을 맡았습니다.

두 작품 모두 전쟁통에 벌어지는 이야기를 다룹니다.

이광연 기잡니다.

[기자]
두루마기를 입은 원로배우 이호재가 30년에 걸친 방대한 서사를 술술 이야기합니다.

조선 시대 문인 조위한의 소설이 원작인 연극 '퉁소 소리'.

전란의 소용돌이에 휩쓸린 두 사람의 이별과 해후를 중국과 일본, 베트남을 배경으로 속도감 있게 펼쳐냅니다.

[이호재 /연극 [퉁소소리] 배우 : 역사는 반복된다, 그 얘기만 기억하시면 돼요// 셰익스피어 400년여 전 작품 아직도 하는 거 보세요, 세상은 어찌 됐든 도는 거에요.]

고전을 현대적으로 재해석하는 연출로 호평받는 고선웅 서울시극단장이 15년 고민 끝에 무대에 올리는 데 성공했습니다.

[고선웅/ 연극 [퉁소소리] 연출 겸 각색 : 로드 씨어터 같은 느낌이 있는데 장황한 이야기를 한정된 자원으로 한정된 배우의 수로 무대화 한다는 게 조금 시각적으로도 설득력을 가져야 하기 때문에 작심하는 게 굉장히 어려웠고….]

공연 중에 배우의 옷을 챙기며 의상 전환을 돕는 '드레서',

영화 피아니스트로 아카데미상에서 각본상을 받은 로널드 하우드가 쓴 작품으로 드레서 '노먼'과 노배우를 통해 인간의 다양한 면모를 꼬집습니다.

전쟁의 폭격 속에서도 227번째 리어왕을 연기할 정도로 사명감이 크지만

무대 뒤에선 생떼를 부리는 '선생님' 역할을 60년 차 배우 송승환이 맡았습니다.

[송승환 / 연극 [더 드레서]  : 드라마부터 영화, 연극 100편 이상 했는데 배우 역할은 처음이거든요.]

극단주면서 배우, 그것이 이제 '선생님'과 저의 같은 점이죠. 서로의 고충을 제가 잘 알거든요.

국립정동극장이 '은세계' 이후 12년 만에 선보인 연극 '더 드레서'

2021년 재연을 거쳐 세 번째로 관객들을 만나고 있습니다.

YTN 이광연입니다.


촬영기자:이현오 

화면제공:국립정동극장





YTN 이광연 (kylee@ytn.co.kr)

※ '당신의 제보가 뉴스가 됩니다'
[카카오톡] YTN 검색해 채널 추가
[전화] 02-398-8585
[메일] social@ytn.co.kr

▶ 기사 원문 : https://www.ytn.co.kr/_ln/0106_202411020050171312
▶ 제보 하기 : https://mj.ytn.co.kr/mj/mj_write.php

▣ YTN 유튜브 채널 구독 : http://goo.gl/Ytb5SZ

ⓒ YTN 무단 전재, 재배포금지 및 AI 데이터 활용 금지",UChlgI3UHCOnwUGzWzbJ3H5w, YTN,2024-11-01T16:23:06Z,154,2.57,False,1024,4,0,https://www.youtube.com/watch?v=IjVXkEBflq4,5360000,964743,PF233740,"서울시극단, 퉁소소리",연극,세종문화회관 세종M씨어터,2024-11-11,2024-11-27,,,
Q9JmE6ZNlvc,[굿모닝문화] 돼지와 풍선 / 세종에서 공연보자 / 미녀 스파이 마타하리 [굿모닝 MBN],"【 앵커멘트 】
  공항장애로 힘든 시간을 겪었던 작가가 풍선을 통해 긍정의 메시지를 전합니다.
  20세기 초 매력적인 파리를 무대로 200벌 넘는 화려한 의상이 압권인 뮤지컬 마타하리가 네 번째 시즌으로 찾아왔습니다.
  문화 소식, 노태현 기자입니다.


【 기자 】
  컬러풀한 색채의 조합이 물감 폭죽을 터트린 듯 화려한 풍선이 캔버스를 채웁니다.

  공황장애를 겪던 이동욱 작가에게 풍선은 치유와 희망의 상징이며, 안식처입니다.

  핑크빛 개구쟁이 같은 캐릭터 피그미의 밝고 당당한 표정은 무엇이든 해낼 수 있을 것 같은 자신감을 전달합니다.

  18년차 직장인 작가는 현대인의 고독, 권태 그리고 위태로운 삶의 모습과 이를 해결할 행복한 에너지를 캐릭터에 담았습니다.

▶ 인터뷰 : 미미 / 작가
- ""돼지형상을 하고 있지만 소심해서 주변의식을 많이 하다 보니까 귀가 토끼처럼 길어진 캐릭터고요. '하트고글'이라는 상징적인 요소를 장착시켜서 희망과 용기를.""

-----

  세종문화회관이 서울시극단의 연극 '퉁소소리', 서울시무용단의 '일무', 서울시오페라단의 '파우스트' 등 시즌 11편의 레퍼토리 작품을 선보입니다. 

  무대에 눕거나 앉아서 작품 속 음악을 감상할 수 있는 청음회, 국악관현악단 공연 전 만찬을 즐기거나 더현대서울과 협업한 '팝업 공간' 등 색다른 변화도 시도합니다.

▶ 인터뷰 : 안호상 / 세종문화회관 사장
- ""다른 극장이 갖지 않은 예술단이 차별화된 자산이라고 생각합니다. 제작극장의 꿈은 레퍼토리입니다. 그런 것을 가진 극장이 지속적인 사랑을 받을 수 있다고 생각하고.""

----

  뮤지컬 마타하리는 1차 세계대전 중 이중 스파이 혐의로 체포돼 총살당한 아름다운 무희 '마타하리'의 실화를 바탕으로 합니다.

  긴장감 있는 스토리에 완성도 높은 무대, 프랭크 와일드혼의 음악이 어우러져 작품성과 대중성은 물론 일본 라이선스 공연도 성공하며 해외시장 진출까지 이뤄냈습니다.

  네 번째 시즌에는 옥주현·솔라, 에녹, 김성식 등이 탄탄한 연기와 노래로 마타하리를 둘러싼 음모와 술수, 러브 스토리를 연기해 완성도가 높아졌다는 평가를 받고 있습니다.

  MBN뉴스 노태현입니다.

  영상편집 : 송현주


☞ MBN 유튜브 구독하기  ☞ https://goo.gl/6ZsJGT
📢 MBN 유튜브 커뮤니티 https://www.youtube.com/user/mbn/community?disable_polymer=1

MBN 페이스북 http://www.facebook.com/mbntv
MBN 인스타그램 https://www.instagram.com/mbn_news/",UCG9aFJTZ-lMCHAiO1KJsirg,MBN News,2025-01-24T00:13:38Z,174,2.9,False,322,10,0,https://www.youtube.com/watch?v=Q9JmE6ZNlvc,2570000,270544,PF233740,"서울시극단, 퉁소소리",연극,세종문화회관 세종M씨어터,2024-11-11,2024-11-27,,,
ObvqgEVtrmU,2026토요상설국악공연(6월 13일),"#부여군충남국악단 #부여군 #국악의전당
#토요상설 #국악공연 #3월~10월 #매주토요일 #오후2시


00:06 기악합주 - 남도굿거리
10:58 가야금병창 - 새타령
17:37 판소리 - 춘향가 中 사랑가
25:36 한국무용 - 황무봉 산조춤
35:07 백제인의 멋과 흥",UC9IPY6KHmJ4SGkTMTiNKS8w,부여군충남국악단,2026-06-18T08:13:11Z,3486,58.1,False,70,,0,https://www.youtube.com/watch?v=ObvqgEVtrmU,42,15,PF260121,"부여군충남국악단, 토요상설 국악공연",한국음악(국악),부여국악의전당,2025-03-01,2025-10-25,,,
lWtLkYBz2J8,2026토요상설국악공연(3월 14일),"#부여군충남국악단 #부여군 #국악의전당
#토요상설 #국악공연 #3월~10월 #매주토요일 #오후2시


02:33 기악중주
12:22 남도민요
21:02 한국무용 - 연흥무
30:53 판소리 - 흥보가 中 흥보 매맞는 대목
40:00 삼도설장구",UC9IPY6KHmJ4SGkTMTiNKS8w,부여군충남국악단,2026-03-18T01:26:24Z,3092,51.53,False,177,,0,https://www.youtube.com/watch?v=lWtLkYBz2J8,42,15,PF260121,"부여군충남국악단, 토요상설 국악공연",한국음악(국악),부여국악의전당,2025-03-01,2025-10-25,,,
E2b-KjHVVbw,2026토요상설국악공연(4월 11일),"#부여군충남국악단 #부여군 #국악의전당
#토요상설 #국악공연 #3월~10월 #매주토요일 #오후2시


00:19 경기도당굿
16:27 가야금병창
25:10 기악중주 - 지영희류 산조병주
37:20 한국무용 - 진도북춤
45:13 단막창극 - 흥보가 中 화초장",UC9IPY6KHmJ4SGkTMTiNKS8w,부여군충남국악단,2026-04-17T05:48:37Z,3672,61.2,False,177,,0,https://www.youtube.com/watch?v=E2b-KjHVVbw,42,15,PF260121,"부여군충남국악단, 토요상설 국악공연",한국음악(국악),부여국악의전당,2025-03-01,2025-10-25,,,
v9EkDFR6wjQ,2026토요상설국악공연(3월 28일),"#부여군충남국악단 #부여군 #국악의전당
#토요상설 #국악공연 #3월~10월 #매주토요일 #오후2시


02:37 가야금병창
10:10 남도민요
19:20 한국무용 - 규장농월
32:11 판소리 - 흥보가 中 제비노정기
46:01 사물놀이",UC9IPY6KHmJ4SGkTMTiNKS8w,부여군충남국악단,2026-04-02T00:27:16Z,3492,58.2,False,300,,1,https://www.youtube.com/watch?v=v9EkDFR6wjQ,42,15,PF260121,"부여군충남국악단, 토요상설 국악공연",한국음악(국악),부여국악의전당,2025-03-01,2025-10-25,,,
EIN5WblPrY8,2026토요상설국악공연(6월 6일),"#부여군충남국악단 #부여군 #국악의전당
#토요상설 #국악공연 #3월~10월 #매주토요일 #오후2시


00:05 모둠북과 바라춤 - 낙화암의 운곡
19:30 기악중주 - 새가락 별곡
29:59 경기민요 - 정선아리랑, 한오백년, 강원도아리랑
38:54 한국무용 - 살풀이
47:56 단막창극 - 흥보가 中 화초장 대목",UC9IPY6KHmJ4SGkTMTiNKS8w,부여군충남국악단,2026-06-18T08:06:56Z,3947,65.78,False,73,,0,https://www.youtube.com/watch?v=EIN5WblPrY8,42,15,PF260121,"부여군충남국악단, 토요상설 국악공연",한국음악(국악),부여국악의전당,2025-03-01,2025-10-25,,,
xPRLIoq0vmM,2026토요상설국악공연(5월 16일),"#부여군충남국악단 #부여군 #국악의전당
#토요상설 #국악공연 #3월~10월 #매주토요일 #오후2시


03:30 백제오악사
14:10 설장사물
31:40 판소리 - 춘향가 中 사랑가
42:24 기악중주 - 서용석류 산조병주
52:13 한국무용 - 진도북춤",UC9IPY6KHmJ4SGkTMTiNKS8w,부여군충남국악단,2026-05-28T08:19:28Z,3763,62.72,False,109,,0,https://www.youtube.com/watch?v=xPRLIoq0vmM,42,15,PF260121,"부여군충남국악단, 토요상설 국악공연",한국음악(국악),부여국악의전당,2025-03-01,2025-10-25,,,
sobWJPGRxzE,부여군충남국악단 토요상설 국악공연 - 풍류 장구춤,설명,UC0Qg9e55Ez2-5DBxY0wb4Eg,sunup lee (썬업),2015-07-05T08:38:50Z,206,3.43,False,644,2,0,https://www.youtube.com/watch?v=sobWJPGRxzE,710,369,PF260121,"부여군충남국악단, 토요상설 국악공연",한국음악(국악),부여국악의전당,2025-03-01,2025-10-25,,,
P2sk-WbPsjc,2026토요상설국악공연(3월 21일),"#부여군충남국악단 #부여군 #국악의전당
#토요상설 #국악공연 #3월~10월 #매주토요일 #오후2시


00:11 모둠북
15:09 기악독주
25:46 경기민요
34:06 단막창극 - 흥보가 中 화초장 대목
49:50 한국무용 - 서한우류 버꾸춤",UC9IPY6KHmJ4SGkTMTiNKS8w,부여군충남국악단,2026-03-27T07:43:36Z,3464,57.73,False,159,,0,https://www.youtube.com/watch?v=P2sk-WbPsjc,42,15,PF260121,"부여군충남국악단, 토요상설 국악공연",한국음악(국악),부여국악의전당,2025-03-01,2025-10-25,,,
WBcQ_r_zDHo,2026토요상설국악공연(4월 18일),"#부여군충남국악단 #부여군 #국악의전당
#토요상설 #국악공연 #3월~10월 #매주토요일 #오후2시


02:49 한국무용 - 한영숙류 태평무
12:15 판소리 - 흥보가 中 흥보 매맞는 대목
20:46 경기민요
29:50 한국무용 - 살풀이
38:46 판굿",UC9IPY6KHmJ4SGkTMTiNKS8w,부여군충남국악단,2026-04-24T04:49:36Z,3244,54.07,False,164,,0,https://www.youtube.com/watch?v=WBcQ_r_zDHo,42,15,PF260121,"부여군충남국악단, 토요상설 국악공연",한국음악(국악),부여국악의전당,2025-03-01,2025-10-25,,,
5DRwwvoLLjo,2026토요상설국악공연(4월 4일),"#부여군충남국악단 #부여군 #국악의전당
#토요상설 #국악공연 #3월~10월 #매주토요일 #오후2시


03:03 백제오악사
13:31 경기민요연곡
21:34 남도민요연곡
30:03 한국무용 - 살풀이
39:26 설장사물",UC9IPY6KHmJ4SGkTMTiNKS8w,부여군충남국악단,2026-04-08T07:03:35Z,3272,54.53,False,118,,0,https://www.youtube.com/watch?v=5DRwwvoLLjo,42,15,PF260121,"부여군충남국악단, 토요상설 국악공연",한국음악(국악),부여국악의전당,2025-03-01,2025-10-25,,,
s9wNfoLJc34,2026토요상설국악공연(3월 7일),"#부여군충남국악단 #부여군 #국악의전당
#토요상설 #국악공연 #3월~10월 #매주토요일 #오후2시


04:17 액맥이 타령
09:44 축원 비나리
18:43 단막창극 - 어사와 나무꾼
39:47 백제인의 멋과 흥",UC9IPY6KHmJ4SGkTMTiNKS8w,부여군충남국악단,2026-03-18T06:37:04Z,3759,62.65,False,69,,0,https://www.youtube.com/watch?v=s9wNfoLJc34,42,15,PF260121,"부여군충남국악단, 토요상설 국악공연",한국음악(국악),부여국악의전당,2025-03-01,2025-10-25,,,
s9DR9DqufJU,부여군충남국악단 토요상설공연,6월12일토요상설공연 라이브 방송,UCw1awJ_9IKzfepI4Brn6RTQ,정연공,2021-07-28T06:11:54Z,3241,54.02,False,271,2,,https://www.youtube.com/watch?v=s9DR9DqufJU,20,2,PF260121,"부여군충남국악단, 토요상설 국악공연",한국음악(국악),부여국악의전당,2025-03-01,2025-10-25,,,
C6w3HL-BxZE,2026토요상설국악공연(5월 30일),"조회수 154회  2026. 5. 28.  #부여군충남국악단 #부여군 #국악의전당
#부여군충남국악단 #부여군 #국악의전당
#토요상설 #국악공연 #3월~10월 #매주토요일 #오후2시


00:03 기악합주 - 남도굿거리
10:50 한국무용 - 서한우류 버꾸춤
20:28 경기민요 - 금강산타령, 노랫가락, 태평가
29:18 단막창극 - 심청가 中 심황후, 심봉사 부녀 상봉 대목
40:48 사물판굿",UC9IPY6KHmJ4SGkTMTiNKS8w,부여군충남국악단,2026-06-18T07:53:41Z,3503,58.38,False,47,,0,https://www.youtube.com/watch?v=C6w3HL-BxZE,42,15,PF260121,"부여군충남국악단, 토요상설 국악공연",한국음악(국악),부여국악의전당,2025-03-01,2025-10-25,,,
hbAsEZqA4to,2026토요상설국악공연(5월 9일),"#부여군충남국악단 #부여군 #국악의전당
#토요상설 #국악공연 #3월~10월 #매주토요일 #오후2시


02:38 창극 - 어사와 나무꾼
22:13 한국무용 - 연흥무
32:55 경기민요
41:04 삼도설장구",UC9IPY6KHmJ4SGkTMTiNKS8w,부여군충남국악단,2026-05-14T02:25:58Z,3613,60.22,False,140,,0,https://www.youtube.com/watch?v=hbAsEZqA4to,42,15,PF260121,"부여군충남국악단, 토요상설 국악공연",한국음악(국악),부여국악의전당,2025-03-01,2025-10-25,,,
RNkcOOkFlWg,부여군충남국악단 (2020.8.2 - CMB충청방송 캡쳐),부여군충남국악단 (2020.8.2 - CMB충청방송 캡쳐),UC_9bNeTmZhkzpL_hCz-hq0g,만땅이오,2020-12-31T02:00:59Z,3382,56.37,False,416,9,0,https://www.youtube.com/watch?v=RNkcOOkFlWg,2310,1161,PF260121,"부여군충남국악단, 토요상설 국악공연",한국음악(국악),부여국악의전당,2025-03-01,2025-10-25,,,
SfdC2qWLrec,"부여군충남국악단, 2019토요상설공연","매주 토요일은 우리 악동이와 국악 공연 보러가자

2019년 3월 2일 ~ 10월 26일
 매주 토요일 오후2시
 부여군국악의전당
관람료 전석 2,000원

#부여군충남국악단 #토요상설공연 #가무악극 #부여군",UC_9bNeTmZhkzpL_hCz-hq0g,만땅이오,2019-03-21T01:43:47Z,88,1.47,False,94,1,0,https://www.youtube.com/watch?v=SfdC2qWLrec,2310,1161,PF260121,"부여군충남국악단, 토요상설 국악공연",한국음악(국악),부여국악의전당,2025-03-01,2025-10-25,,,
Cdg4wlu1Aeo,부여군충남국악단 토요상설 공연,설명,UC0Qg9e55Ez2-5DBxY0wb4Eg,sunup lee (썬업),2015-03-08T15:25:09Z,243,4.05,False,636,2,0,https://www.youtube.com/watch?v=Cdg4wlu1Aeo,710,369,PF260121,"부여군충남국악단, 토요상설 국악공연",한국음악(국악),부여국악의전당,2025-03-01,2025-10-25,,,
MStLAFXCWdM,부여군 충남국악단 - 일곱선녀 비천무ㅣ2021 세계유산축전 「다같이 백제로(路)」 3회차 공연,"2021 세계유산축전 《찬란한 유산, AGAIN 백제로》
[다같이 백제로(路)] 야간공연 프로그램 3회차 공연

💛 일시
2021년 8월 28일 오후 8시

💛 장소
부여군 국악의전당

💛  부여군 충남국악단 소개
‘부여군 충남국악단’은 충남도민의 문화 욕구 충족 및 정서함얌을 위해 1994년 창단되어 매년 기악, 소리, 풍물, 무용 등 4개 분야에서 100회 이상의 수준 높은 공연을 진행하고 있습니다. 한국 전통음악의 의미를 되새기며 백제음악이 세계로 미래로 뻗어 나가기 위한 색다른 국악공연을 보여주고 있습니다. 또한, 매월 “우리도 보고싶어요”, “우리도 하고 싶어요”, “우리도 함께해요” 라는 주제로 복지시설, 벽지학교, 군부대 등 찾아가는 국악공연을 하고 있습니다. 국악인의 넘치는 감성과 도전정신으로 새로운 음악을 만들어가는 화합과 융화, 전통과 현대를 아우리는 가치를 지향하고 있습니다.",UCbejrmAf8D_Tc_enzTNtnyg,충남문화관광재단,2021-09-07T02:40:42Z,213,3.55,False,76,1,0,https://www.youtube.com/watch?v=MStLAFXCWdM,5020,687,PF260121,"부여군충남국악단, 토요상설 국악공연",한국음악(국악),부여국악의전당,2025-03-01,2025-10-25,,,
txyhovrwBq8,"부여군 충남 국악단 토요상설공연 ""운곡""",,UCqLcE8CVn3UBzyKMsBljJkQ,부여오빠,2019-09-07T08:23:33Z,904,15.07,False,229,5,0,https://www.youtube.com/watch?v=txyhovrwBq8,1340,187,PF260121,"부여군충남국악단, 토요상설 국악공연",한국음악(국악),부여국악의전당,2025-03-01,2025-10-25,,,
JiNUqLj0U0k,2023년 부여군충남국악단 토요상설공연,,UCw1awJ_9IKzfepI4Brn6RTQ,정연공,2023-02-20T01:32:44Z,37,0.62,True,73,0,0,https://www.youtube.com/watch?v=JiNUqLj0U0k,20,2,PF260121,"부여군충남국악단, 토요상설 국악공연",한국음악(국악),부여국악의전당,2025-03-01,2025-10-25,,,
g4Oxct6T_n0,부여군충남국악단 _ 설장구,"2019부여세도방울토마토&유채꽃축제 마지막 날, 
폐막식 축하공연 부여군충남국악단의 품격공연, 설장구

#부여군충남국악단 #설장구 #부여세도방울토마토",UC_9bNeTmZhkzpL_hCz-hq0g,만땅이오,2019-05-01T07:41:50Z,466,7.77,False,74,2,0,https://www.youtube.com/watch?v=g4Oxct6T_n0,2310,1161,PF260121,"부여군충남국악단, 토요상설 국악공연",한국음악(국악),부여국악의전당,2025-03-01,2025-10-25,,,
OsHmJ7z24yw,백제 아리랑 - 부여군 충남국악단 | 2021 세계유산축전 「다같이 백제로」 3회차 공연,"2021 세계유산축전 「찬란한 유산, AGAIN 백제로」
「다같이 백제로」 야간공연 프로그램 3회차 공연 

◎ 일시
2021년 8월 28일 오후 8시

◎ 장소
부여군국악의전당


[부여군 충남국악단]
◎ 공연단체 소개 
‘부여군충남국악단’은 충남도민의 문화 욕구 충족 및 정서함얌을 위해 1994년 창단되어 매년 기악, 소리, 풍물, 무용 등 4개 분야에서 100회 이상의 수준 높은 공연을 진행하고 있습니다. 한국 전통음악의 의미를 되새기며 백제음악이 세계로 미래로 뻗어 나가기 위한 색다른 국악공연을 보여주고 있습니다. 또한, 매월 “우리도 보고싶어요”, “우리도 하고 싶어요”, “우리도 함께해요” 라는 주제로 복지시설, 벽지학교, 군부대 등 찾아가는 국악공연을 하고 있습니다. 국악인의 넘치는 감성과 도전정신으로 새로운 음악을 만들어가는 화합과 융화, 전통과 현대를 아우리는 가치를 지향하고 있습니다.

.
.
.

💛세계유산축전-백제💛
◾기간 : 2021. 8. 13. ~ 8. 29.(17일간)
◾장소 : 공주시, 부여군, 익산시
◾홈페이지 : http://www.baekjeworldheritage.kr/",UCZYTJXWbtNBOVfanVtVsR3A,2021세계유산축전-백제역사유적지구,2021-09-04T07:26:07Z,193,3.22,False,227,5,0,https://www.youtube.com/watch?v=OsHmJ7z24yw,1240,131,PF260121,"부여군충남국악단, 토요상설 국악공연",한국음악(국악),부여국악의전당,2025-03-01,2025-10-25,,,
jAV_xk6Xk_Q,부여군충남국악단 - 태평무,"제17회 홍산대첩문화제
부여군충남국악단의 태평무

#홍산대첩문화제 #부여군충남국악단 #태평무",UC_9bNeTmZhkzpL_hCz-hq0g,만땅이오,2019-09-10T09:41:06Z,462,7.7,False,164,1,0,https://www.youtube.com/watch?v=jAV_xk6Xk_Q,2310,1161,PF260121,"부여군충남국악단, 토요상설 국악공연",한국음악(국악),부여국악의전당,2025-03-01,2025-10-25,,,
9z2yMU2AcDI,오악사의 만남 - 부여군 충남국악단 | 2021 세계유산축전 「다같이 백제로」 3회차 공연,"2021 세계유산축전 「찬란한 유산, AGAIN 백제로」
「다같이 백제로」 야간공연 프로그램 3회차 공연 

◎ 일시
2021년 8월 28일 오후 8시

◎ 장소
부여군국악의전당


[부여군 충남국악단]
◎ 공연단체 소개 
‘부여군충남국악단’은 충남도민의 문화 욕구 충족 및 정서함얌을 위해 1994년 창단되어 매년 기악, 소리, 풍물, 무용 등 4개 분야에서 100회 이상의 수준 높은 공연을 진행하고 있습니다. 한국 전통음악의 의미를 되새기며 백제음악이 세계로 미래로 뻗어 나가기 위한 색다른 국악공연을 보여주고 있습니다. 또한, 매월 “우리도 보고싶어요”, “우리도 하고 싶어요”, “우리도 함께해요” 라는 주제로 복지시설, 벽지학교, 군부대 등 찾아가는 국악공연을 하고 있습니다. 국악인의 넘치는 감성과 도전정신으로 새로운 음악을 만들어가는 화합과 융화, 전통과 현대를 아우리는 가치를 지향하고 있습니다.

.
.
.

💛세계유산축전-백제💛
◾기간 : 2021. 8. 13. ~ 8. 29.(17일간)
◾장소 : 공주시, 부여군, 익산시
◾홈페이지 : http://www.baekjeworldheritage.kr/",UCZYTJXWbtNBOVfanVtVsR3A,2021세계유산축전-백제역사유적지구,2021-09-04T07:23:01Z,218,3.63,False,88,2,0,https://www.youtube.com/watch?v=9z2yMU2AcDI,1240,131,PF260121,"부여군충남국악단, 토요상설 국악공연",한국음악(국악),부여국악의전당,2025-03-01,2025-10-25,,,
W9k-xOJ2M7g,우리의 백제 - 부여군 충남국악단 | 2021 세계유산축전 「다같이 백제로」 3회차 공연,"2021 세계유산축전 「찬란한 유산, AGAIN 백제로」
「다같이 백제로」 야간공연 프로그램 3회차 공연 

◎ 일시
2021년 8월 28일 오후 8시

◎ 장소
부여군국악의전당


[부여군 충남국악단]
◎ 공연단체 소개 
‘부여군충남국악단’은 충남도민의 문화 욕구 충족 및 정서함얌을 위해 1994년 창단되어 매년 기악, 소리, 풍물, 무용 등 4개 분야에서 100회 이상의 수준 높은 공연을 진행하고 있습니다. 한국 전통음악의 의미를 되새기며 백제음악이 세계로 미래로 뻗어 나가기 위한 색다른 국악공연을 보여주고 있습니다. 또한, 매월 “우리도 보고싶어요”, “우리도 하고 싶어요”, “우리도 함께해요” 라는 주제로 복지시설, 벽지학교, 군부대 등 찾아가는 국악공연을 하고 있습니다. 국악인의 넘치는 감성과 도전정신으로 새로운 음악을 만들어가는 화합과 융화, 전통과 현대를 아우리는 가치를 지향하고 있습니다.

.
.
.

💛세계유산축전-백제💛
◾기간 : 2021. 8. 13. ~ 8. 29.(17일간)
◾장소 : 공주시, 부여군, 익산시
◾홈페이지 : http://www.baekjeworldheritage.kr/",UCZYTJXWbtNBOVfanVtVsR3A,2021세계유산축전-백제역사유적지구,2021-09-04T07:24:15Z,129,2.15,False,53,1,0,https://www.youtube.com/watch?v=W9k-xOJ2M7g,1240,131,PF260121,"부여군충남국악단, 토요상설 국악공연",한국음악(국악),부여국악의전당,2025-03-01,2025-10-25,,,
A0sTpJJtVpo,[랜선공연] 부여군충남국악단 (CMB캡쳐영상2020.8.2),"부여군이 충남국악단에서 주관하는 제58회 정기공연과 토요상설공연

매년 치러지던 부여군충남국악단의 정기공연은 올해로 58회째를 맞이했으나, 코로나19의 장기화로 인해 이번 공연은 무관중 공연으로 진행된다.
가·악·타·무(歌·樂·打·舞)를 부제로 치러지는 이번 부여군충남국악단의 제58회 정기공연은 경기 시나위 합주를 시작으로 창극 ‘어사와 나뭇꾼’, 부채춤, 경기민요, 판굿놀이 등 다채로운 우리 전통 가락으로 풍성하게 채워진다.

#부여군충남국악단 #가악타무 #부여군",UC_9bNeTmZhkzpL_hCz-hq0g,만땅이오,2020-08-02T10:28:19Z,591,9.85,False,298,5,0,https://www.youtube.com/watch?v=A0sTpJJtVpo,2310,1161,PF260121,"부여군충남국악단, 토요상설 국악공연",한국음악(국악),부여국악의전당,2025-03-01,2025-10-25,,,
SQckq-xu_sU,부여군충남국악단 - 설장구,"제17회 홍산대첩문화제
부여군충남국악단의 설장구

#홍산대첩문화제 #부여군충남국악단 #설장구",UC_9bNeTmZhkzpL_hCz-hq0g,만땅이오,2019-09-11T00:33:00Z,411,6.85,False,167,3,0,https://www.youtube.com/watch?v=SQckq-xu_sU,2310,1161,PF260121,"부여군충남국악단, 토요상설 국악공연",한국음악(국악),부여국악의전당,2025-03-01,2025-10-25,,,
RYV7rsKLHgY,2021 토요상설국악공연(부여군충남국악단),"기간 3월~10월
매주 토요일 오후2시
충남 부여군 규암면 백제문로 388
방역지침에 따라 좌석 거리두기. 발열체크 및 마스크 착용
음악출처
🎵Music provided by 브금대통령
🎵Track : 낙화암 - https://youtu.be/WjouTMIwfy0",UC3_ZBL4SERZ9yHIYMyWRSLw,달을품은자,2021-03-16T21:27:54Z,122,2.03,False,320,8,0,https://www.youtube.com/watch?v=RYV7rsKLHgY,1070,403,PF260121,"부여군충남국악단, 토요상설 국악공연",한국음악(국악),부여국악의전당,2025-03-01,2025-10-25,,,
KatoYT-jY3k,"💗 토요일 국악공연, 이건 그냥 와야 됨#부여군#국악공연#토요상설국악공연#부여가볼만한곳#국악단#가야금#민요#사물놀이#판소리#판굿#멋#봄공연#서동의노래#장구#기악중주#타령",,UCNGZC3GHfLo4o55WoGAXIqQ,부여군,2026-03-31T06:54:06Z,61,1.02,False,678,26,1,https://www.youtube.com/watch?v=KatoYT-jY3k,8550,508,PF260121,"부여군충남국악단, 토요상설 국악공연",한국음악(국악),부여국악의전당,2025-03-01,2025-10-25,,,
Ydd5WXWQhr8,백제의 대북소리 - 부여군 충남국악단 | 2021 세계유산축전 「다같이 백제로」 3회차 공연,"2021 세계유산축전 「찬란한 유산, AGAIN 백제로」
「다같이 백제로」 야간공연 프로그램 3회차 공연 

◎ 일시
2021년 8월 28일 오후 8시

◎ 장소
부여군국악의전당


[부여군 충남국악단]
◎ 공연단체 소개 
‘부여군충남국악단’은 충남도민의 문화 욕구 충족 및 정서함얌을 위해 1994년 창단되어 매년 기악, 소리, 풍물, 무용 등 4개 분야에서 100회 이상의 수준 높은 공연을 진행하고 있습니다. 한국 전통음악의 의미를 되새기며 백제음악이 세계로 미래로 뻗어 나가기 위한 색다른 국악공연을 보여주고 있습니다. 또한, 매월 “우리도 보고싶어요”, “우리도 하고 싶어요”, “우리도 함께해요” 라는 주제로 복지시설, 벽지학교, 군부대 등 찾아가는 국악공연을 하고 있습니다. 국악인의 넘치는 감성과 도전정신으로 새로운 음악을 만들어가는 화합과 융화, 전통과 현대를 아우리는 가치를 지향하고 있습니다.

.
.
.

💛세계유산축전-백제💛
◾기간 : 2021. 8. 13. ~ 8. 29.(17일간)
◾장소 : 공주시, 부여군, 익산시
◾홈페이지 : http://www.baekjeworldheritage.kr/",UCZYTJXWbtNBOVfanVtVsR3A,2021세계유산축전-백제역사유적지구,2021-09-04T07:27:22Z,537,8.95,False,560,5,1,https://www.youtube.com/watch?v=Ydd5WXWQhr8,1240,131,PF260121,"부여군충남국악단, 토요상설 국악공연",한국음악(국악),부여국악의전당,2025-03-01,2025-10-25,,,
YKt8BG9fWHA,국립국악관현악단 어린이 음악회 노래놀이 '별별땅땅',"국립국악관현악단 어린이 음악회
노래놀이 '별별땅땅'
2024.4.25.(목)~5.5.(일)
국립극장 하늘

⭐국립극장 예매 바로 가기 https://www.ntok.go.kr/kr/Ticket/Performance/Details?performanceId=266513

🌟줄거리
팍팍한 일상에서 마음속 별을 잃어버린 은우네 가족이 무엇이든 변신할 수 있는 ‘깜빡별’에서 광대 ‘노니’들을 만난다. 노니와 은우네 가족은 같이 노래 부르고 놀이하며 자신들만의 별을 찾게 된다.

✨국립국악관현악단만의 어린이 공연 제작 노하우가 집약된 신작!
2004년 처음 시작된 국립국악관현악단의 어린이 공연은 올해로 20년째를 맞이했다. 오랜 시간 축척한 제작 노하우를 바탕으로 2024년 새롭게 선보일 이번 공연은 아이들이 수동적으로 보고 듣는 공연 형식에서 벗어나, 작품에 참여하며 스스로 즐기도록 만들었다. 팬데믹을 겪으며 아이들의 바깥 활동 기회가 많이 줄고 상대적으로 디지털 미디어 환경에 노출되는 시간이 늘어 걱정인 요즘, 언어·운동·정서·감각 등 다양한 감각을 깨워줘야 한다는 인식이 커지고 있다. '별별땅땅'은 아이들의 새로운 감각을 깨워주고, 가족·친구들과 함께 이야기를 완성해 가는 과정을 통해 공동체를 경험하게 될 것이다. 연극 놀이 전문가로 활발히 활동 중인 연출가 양혜정과 국립국악관현악단이 만나 선보이는 새로운 차원의 어린이 음악회를 기대해보자.

#어린이음악회 #노래놀이 #별별땅땅",UC-Yd4HrryydbIx0ctY4gt-g,국립국악관현악단,2024-04-15T06:05:32Z,31,0.52,True,496,,0,https://www.youtube.com/watch?v=YKt8BG9fWHA,4460,229,PF230598,"국립국악관현악단, 어린이 음악회 노래놀이: 별별땅땅",한국음악(국악),국립극장 하늘극장,2024-04-25,2024-05-05,,,
GTLpY4wHSA0,국립국악관현악단 어린이 음악회 '신나락 만나락',"국립국악관현악단 어린이 음악회 '신나락 만나락'
2025.4.22.(화)~5.4.(일)
국립극장 하늘

국립극장 예매 바로 가기 https://www.ntok.go.kr/kr/Ticket/Performance/Details?performanceId=266824

🎵시놉시스
먼 옛날, 음악이 없던 세상에 노래하는 아이, ‘선율’이가 있었어요.
모두가 ‘노래’하는 버릇을 가진 선율이를 이상하게 생각했지만, 단 한 사람! 엄마만은 달랐어요. 
선율이는 엄마만 있다면 사람들이 아무리 놀려도 괜찮았어요. 
하지만 엄마는 세상의 부름을 받아 저 멀리 일을 하러 떠나야 했답니다.
엄마를 되찾기 위해 선율이는 소원을 이루어 준다는 전설 속 ‘거인신’을 찾아 나서요. 
여행길에서 선율이는 예기치 못한 음악 세상과 친구를 만나게 됩니다. 
과연 선율이의 우렁찬 노랫소리가 거인신을 감동시켜 소원을 이루게 해 줄 수 있을까요?
선율이의 ‘신나락 만나락’ 여행길을 우리 함께 떠나요.

🎶신화와 함께 신나게! 음악과 함께 만나게! 
어린이 관객들을 위한 국립국악관현악단의 ‘이야기가 있는 환상 음악회’🎶
2004년부터 매년 새로운 시도로 어린이 관객에게 ‘첫’ 국악 공연을 선물해온 국립국악관현악단! 
이번 시즌에는 우리 신화를 소재로 국악의 다채로운 매력을 선보인다. 
‘신과 인간이 만나 함께 즐거워한다.’라는 뜻의 '신나락 만나락'에서 펼쳐질 음악 세상!
제목처럼 어린이 관객과 함께 즐겁고 특별한 순간을 만들어갈 국립국악관현악단 어린이 음악회!
국립국악관현악단만의 어린이 공연 제작 노하우가 담긴 색다른 신작을 놓치지 말자.

#어린이음악회 #신나락만나락 #ShinnarakMannarak",UC-Yd4HrryydbIx0ctY4gt-g,국립국악관현악단,2025-03-24T05:40:15Z,26,0.43,True,1293,,0,https://www.youtube.com/watch?v=GTLpY4wHSA0,4460,229,PF230598,"국립국악관현악단, 어린이 음악회 노래놀이: 별별땅땅",한국음악(국악),국립극장 하늘극장,2024-04-25,2024-05-05,,,
EIo67z1tE5M,어린이를 위한 국악 동영상 - 풍물놀이 Pungmulnori,"풍물놀이는 서민들의 생활속에서 춤과 놀이를 곁들여온 민속음악입니다.  
꽹과리, 징, 장구, 북, 소고 등의 악기 연주와 상모 돌리기, 버나 놀이 등 다채로운 놀이를 감상할 수 있습니다. 
출연: 서울태강삼육초등학교 어린이픙물단 ‘소리누리’ 
（김민형,김시언,김주웅,우상윤,은지훈,이승한,이현수,전태형,정시현,최윤영,한지원）",UCmN4xFSlmWw-_d2riM-ep0A,국립국악원 National Gugak Center,2017-09-06T10:28:14Z,523,8.72,False,692075,3424,0,https://www.youtube.com/watch?v=EIo67z1tE5M,72700,3576,PF230598,"국립국악관현악단, 어린이 음악회 노래놀이: 별별땅땅",한국음악(국악),국립극장 하늘극장,2024-04-25,2024-05-05,,,
M5r_IvD02qk,국악신동 김선재 소년과 김태연 소녀의 만남! 두 국악신동이 부르는 '춘향가중 사랑가' [2020 풍류달빛 공연],"[2020 풍류달빛 공연 선공개]
미래의 명창을 꿈꾸는 두 국악신동! 국악신동 김선재 소년과 김태연 소녀가 만났다!!
보고만 있어도 너무 귀여운 두 어린이지만 소리 실력만큼은 어른급이라구요~
'리틀 송가인' 김태연과 김선재가 함께한 '춘향가중 사랑가'
#국악신동김태연 #국악신동김선재 #김태연김선재사랑가",UCNmxnKQfnQ_Ya-CODk5hgqQ,얼씨구TV,2020-04-26T03:00:05Z,323,5.38,False,122452,1618,91,https://www.youtube.com/watch?v=M5r_IvD02qk,172000,2253,PF230598,"국립국악관현악단, 어린이 음악회 노래놀이: 별별땅땅",한국음악(국악),국립극장 하늘극장,2024-04-25,2024-05-05,,,
BqXN0d239jc,[KBS전주] 콘서트나빌레라 국악한마당// 전라북도어린이국악관현알단 - 북장대소,"""■ KBS 전주 콘서트 나빌레라 유투브 채널【콘서트 나빌레라】
■ '구독' 버튼을 누르고  다양한 국악의 【HD】영상을 공유 해 보세요!
■ KBS 콘서트나빌레라 홈페이지 - http:/http://jeonju.kbs.co.kr/tv/nabilera/about/about1/index.html
[영상 정보]


[Information]
■클립명: 20160813-7",UCpzc0K6Y6AxQq9m3dPtQWXw,KBS전주,2018-03-29T07:03:03Z,255,4.25,False,1967,17,0,https://www.youtube.com/watch?v=BqXN0d239jc,563000,11261,PF230598,"국립국악관현악단, 어린이 음악회 노래놀이: 별별땅땅",한국음악(국악),국립극장 하늘극장,2024-04-25,2024-05-05,,,
cWq74yAS3kM,DISNEY MEDLEY 국악 ver.🌿🤍 | 세종 대왕님께서 주문하신 디즈니 OST 메들리,"🌟장장 1년에 걸친 대 프로젝트!!🌟
국내 최초 only 국악기만으로 연주되는 디즈니 메들리!! 우리가 사랑하는 디즈니 영화의 유명 OST를 모아 편곡했습니다! 국내 최초로 양악기를 사용하지 않고, 다양한 국악기만을 사용한 연주입니다~

연주를 녹음한 것뿐만 아니라 뮤직비디오 촬영까지! 영상 속에서 깨알같이 숨어있는 디즈니 영화의 주인공들을 찾아보세요!

그 시절 추억의 OST부터 지금 다시 들어도 명곡인 OST까지 다양한 음악들을 전통적인 느낌으로 재해석한 어마어마한 프로젝트입니다! 워낙 유명하고 좋은 곡들이 많아 음악을 선정함에도 신중을 기했는데요!

겨울왕국 1, 겨울왕국 2, 라따뚜이, 라푼젤, 미녀와 야수, 알라딘, 인어공주 의 대표적인 OST를 선정했습니다.

🎶음악 리스트🎵
00:00 디즈니 인트로 [월트 디즈니 오프닝]
00:38 저 바다밑 [인어공주]
01:35 미녀와 야수 [미녀와 야수]
02:42 아름다운 세상 [알라딘]
03:45 보여줘 [겨울왕국2]
05:00 Le Festin [라따뚜이]
06:32 빛이 드디어 보여 [라푼젤]
07:45 태어나서 처음으로 [겨울왕국1]

-------------------

Disney OST medley by 스누뮤

제작팀


기획  노동혁

연출  이동용

음악 감독  김준표

작가  이하린

제작 부장  원애린

제작 실장  김예진

회계  양윤서



촬영팀


촬영 감독  이동용

촬영 조감독  김예진

촬영 보조  김준표 양재원 이가현 진승재 

스크립터  이하린

스케줄 매니저  허솔



음향팀 

편곡  김준표 노동혁 전소현

녹음  김준표

녹음 보조  이동용

오디오 오퍼레이터  김소정 이윤비

믹싱&마스터링  김준표



미술팀

미술 감독  이하린

미술 보조  이수진



연주 녹음

가야금1  주여진

가야금2  권서현 박예린 

거문고  김혁수 

대금  박수빈 

소금   양인성 

피리  전소현 

태평소  이정빈 

생황  김대호 

해금  양윤서 

소아쟁  김온정

대아쟁  신아현

타악기  노동혁



출연

가야금  강승혜 권서현 주여진 

거문고  김혁수 

대금  박수빈 양인성 정민후 

소금  양인성

피리  김대호 이정빈 전소현 

태평소  이정빈 

생황  김대호 

해금  양윤서 최자빈 

아쟁  신아현

타악  김서정 김은혁 노동혁

#디즈니 #medley #메들리",UCGH5tLysfdDFVenkYQnHBPA,스누뮤 SNUMU,2023-05-06T10:31:38Z,609,10.15,False,724231,23540,473,https://www.youtube.com/watch?v=cWq74yAS3kM,9990,45,PF230598,"국립국악관현악단, 어린이 음악회 노래놀이: 별별땅땅",한국음악(국악),국립극장 하늘극장,2024-04-25,2024-05-05,,,
_K8X07RLkpw,"국립국악원 여름방학 특별공연: 어린이를 위한 소리극, 깨비 깨비 도깨비[2015.08.09.]","01. 깨비 깨비 도깨비
 혹부리 총각은 늙었지만 장가를 가지 않아서 노총각으로 놀림을 받는다. 예쁜 각시를 만나 혼례를 올리지만 혹을 보고 놀란 각시는 도망을 가고 자신의 처지를 비관한 혹부리 총각은 나무에 목을 매서 목숨을 끊으려고 한다. 나무들이 말려서 목숨 끊는 것을 포기한 혹부리 총각은 열심히 일을 해서 어려운 사람을 도와주며 착하게 살아간다. 어느 날 산에 올라가 땔감 나무를 하다가 우연히 도깨비 형제들을 만나서 혹을 떼게 되고 신기한 도깨비 방망이도 얻게 된다. 집에 돌아 온 혹부리 총각은 도깨비 방망이로 많은 재물을 얻게 되고, 점차 욕심 많은 사람으로 변해 가는데...
 ○ 출연진
  - 혹부리영감/원세은, 도깨비/송세운·박은선·이지숙·손재영·임재현
  - 피리/허진, 대금/구주영, 해금/박선호, 가야금/윤이나, 아쟁/이세나, 거문고/양유진, 타악/황상현·김성주

○  주최 및 촬영/국립국악원[National Gugak Center]",UCmN4xFSlmWw-_d2riM-ep0A,국립국악원 National Gugak Center,2015-08-11T08:54:22Z,3826,63.77,False,5590,38,2,https://www.youtube.com/watch?v=_K8X07RLkpw,72700,3576,PF230598,"국립국악관현악단, 어린이 음악회 노래놀이: 별별땅땅",한국음악(국악),국립극장 하늘극장,2024-04-25,2024-05-05,,,
E1PFl1VtIn4,[국악무대] 대전시립연정국악원 브랜드 기획공연 어린이 국악 뮤지컬 ‘용궁으로 간 토끼’ - 산중호걸(Sanjunghogeol),"대전시립연정국악원 브랜드 기획공연 어린이 국악 뮤지컬 ‘용궁으로 간 토끼’ 中 산중호걸(Sanjunghogeol)

■ 일    시 - 2017년 5월 1일(월) 13:00
■ 장    소 - 대전시립연정국악원
■ 등장인물 - 토끼: 이윤아 외  

- 곡명 설명
산중호걸 (山中豪傑)이란 산속의 호걸이라는 뜻으로, 호랑이 또는 호랑이의 기상을 비유적으로 이르는 말이다. 
토끼가 살던 육지에서 부른 ‘산중호걸’을 신나고 익살스럽게 노래한 무대이다.

- 공연 설명 
대전시립연정국악원 브랜드 공연 어린이국악뮤지컬 ‘용궁으로 간 토끼’는 환경오염으로 병에 걸린 용왕에게 특효약이라는 토끼의 간을 찾으러 육지로 올라간 자라가 토끼에게 훈련대장을 시켜준다고 거짓말을 하며 토끼를 용궁으로 데리고 온다.
죽음을 알아차린 토끼는 꾀를 내어, 육지의 춤과 음악이 용궁과는 비교할 수도 없이 좋다고 하고, 자존심이 상한 자라는 토끼를 바로 죽이지 않고 육지음악을 들어보자며 대결을 벌인다. 과연 토끼의 운명을 어떻게 될 것인가?   

★ 등장인물
토끼: 이윤아 / 자라: 최민혁 / 용왕: 오지영 / 조개: 이영희 / 불가사리: 김소희 / 니모·심청: 이덕용 / 문어·심봉사: 김영환 / 망나니: 정미영 / 팅커벨: 정지원 / 용왕시녀: 오미향, 김수진

★ 연주
음악감독·건반: 이정훈 / 가야금·양금: 이자영, 정현주 / 거문고: 김한솔 / 아쟁: 김인규, 김은영 / 해금: 한솔희, 임가은 / 피리·태평소·생황: 이승현, 김보리 / 대금·소금: 문아영, 차온샘 / 타악: 남기석, 김형준 / 드럼: 현정훈 / 베이스기타: 박구용 

‘산중호걸(Sanjunghogeol)’의 풀 영상을 보고 싶다면?
http://www.gugakfm.co.kr/gugak_web/?sub_num=782&state=view&idx=161668

이 프로그램은 방송통신위원회의 방송통신발전기금을 지원받아 제작되었습니다.",UCaBwNyKKjDaYIzS8dhyaXBA,국악방송 TV (Gugak Broadcasting System: TV),2018-04-18T03:20:44Z,148,2.47,False,3293,23,1,https://www.youtube.com/watch?v=E1PFl1VtIn4,96600,6729,PF230598,"국립국악관현악단, 어린이 음악회 노래놀이: 별별땅땅",한국음악(국악),국립극장 하늘극장,2024-04-25,2024-05-05,,,
_Kcm1m3zTz4,[국악동요에 맞춰 율동하기] 1. 숨바꼭질(안무자_서영인 / 율동_브릴란떼),"본 영상은 국립국악원이 개최한 ‘제1회 국악동요 율동 공모전’ 입상작으로, 심사 당시 참가자들이 직접 촬영해 제출한 것을 KBS와 함께 교육용 영상으로 다시 제작한 것입니다. ‘국립국악원 창작국악동요 작품 공모전’을 통해 발굴한 창작국악동요에 맞춰 아이들이 따라 하기 쉬운 동작으로 만들어진 율동이니 여러분의 많은 관심과 활용 부탁드립니다.

[안무자의 코멘트]
햇님달님의 이야기에서 착안하여였다.  내용은 호랑이가 아이들과 함께 놀고 싶어 아이들을 찾는다. 하지만 아이들은 호랑이가 잡아먹는 줄 착각하고 놀라 도망다닌다.

[출연]
브릴란떼",UCmN4xFSlmWw-_d2riM-ep0A,국립국악원 National Gugak Center,2020-12-24T01:00:11Z,97,1.62,False,45872,184,0,https://www.youtube.com/watch?v=_Kcm1m3zTz4,72700,3576,PF230598,"국립국악관현악단, 어린이 음악회 노래놀이: 별별땅땅",한국음악(국악),국립극장 하늘극장,2024-04-25,2024-05-05,,,
65orxF_-XKw,전국노래자랑이 키운 국악스타🐣  장구도 치고 타령도 하는 8살 송소희 | #전국인물자랑 | KBS 방송,"#전국노래자랑 #송소희 

송해 송씨 송소희의 오돌또기&청춘가&창부타령 보고 가세요❣

💌회차정보
◾ KBS 전국노래자랑 041128 / 080622 / 080629 / 081228 방송",UCGsJRpGI3iFpf0lIUIgbsBw,KBS StarTV: 인물사전,2023-03-14T10:00:11Z,1275,21.25,False,1622895,10792,595,https://www.youtube.com/watch?v=65orxF_-XKw,1020000,3594,PF230598,"국립국악관현악단, 어린이 음악회 노래놀이: 별별땅땅",한국음악(국악),국립극장 하늘극장,2024-04-25,2024-05-05,,,
K2f7K7vs9-s,[국악콘서트 판] [한가위 특집]  국악동요 달떡  / 한가위  - 꿈이 크는 아이들,"* [국악콘서트 판]의 풀버전은 국악방송 홈페이지에서 시청하실 수 있습니다. 
https://www.igbf.kr/gugak_web/radio/tv_program_board.jsp?sub_id=2921&idx=RD2020004590&sub_num=787

국악의 대중화를 이끈 유명 국악인은 물론, 
보석 같은 신예까지 모두 만나볼 수 있는 특별한 시간!!
시대마다 다른 색깔로 연주되고 있는 우리 음악의 멋을 제대로 느낄 수 있는 
국악방송만의 전무후무한 국악콘서트 프로그램

-------------------------------------------------
한국문화의 중심, 국악방송
Gugak Broadcasting Foundation

* IPTV
지니GENIE tv ch251, SK Btv ch268, LG유플러스 ch189

*케이블
LG헬로비전 ch174, SK Btv 케이블 ch130, 딜라이브 ch225, 
아름방송 ch161, 서경방송 ch144, 울산중앙방송 ch167 남인천방송 ch110


라디오 : FM 99.1MHz
www.igbf.kr
https://www.facebook.com/igbf.kr/     
https://www.instagram.com/igbf.kr/     
https://www.instagram.com/gugakfm/     

국악방송의 방송프로그램은 방송통신위원회의 방송통신발전기금을 지원받아 제작되고 있습니다.
#국악방송 #국악 #gugak #국악동요 #동요 #한가위 #추석 #달떡",UCaBwNyKKjDaYIzS8dhyaXBA,국악방송 TV (Gugak Broadcasting System: TV),2023-09-30T11:00:15Z,291,4.85,False,13583,83,,https://www.youtube.com/watch?v=K2f7K7vs9-s,96600,6729,PF230598,"국립국악관현악단, 어린이 음악회 노래놀이: 별별땅땅",한국음악(국악),국립극장 하늘극장,2024-04-25,2024-05-05,,,
tSanRoXJTTU,사물놀이 공연 [정상훈의 뭐든지 뮤직박스] 공연박스 다시보기,"원곡 : 사물 판굿

얼쑤 좋다~
흥겨운 우리노래에 모두 함께 취해봐요~

Eolssu, so good~
watch all together on the song to our exciting. 

공식 홈페이지: http://home.ebs.co.kr/musicbox/main
인스타그램: https://www.instagram.com/ebsmusicbox
블로그: https://blog.naver.com/ebsmusicbox

매주 목요일 금요일, 아침 8시 45분 EBS 1TV

#뭐든지뮤직박스 #뮤직박스 #정상훈의뭐든지뮤직박스 #musicinthebox #ebs #이비에스 #정상훈 #음악 #뮤직 #MUSIC #음악방송 #키즈방송 #교육방송 #키즈예능 #키즈 #육아 #방송 #공연박스 #사물놀이 #사물공연 #도깨비 #사물 #꽹과리 #장구 #징 #북 #우리노래 #굿 #얼쑤",UCx_dzPI6efSohgtOkAG43-A,EBS 키즈,2020-06-03T23:54:31Z,170,2.83,False,96250,352,0,https://www.youtube.com/watch?v=tSanRoXJTTU,4910000,26070,PF230598,"국립국악관현악단, 어린이 음악회 노래놀이: 별별땅땅",한국음악(국악),국립극장 하늘극장,2024-04-25,2024-05-05,,,
cTwBROEnB0U,쪼이 사랑숲예술제 6살 어린이 국악공연 - 순이+문을여시오,"#쪼이 #6세공연 #국악 #사랑숲유치원
#사랑숲예술제 #첫무대 
#국악공연 #순이 #문을여시오
#행복반 

#쪼이최고 너무 잘했어-!",UCRbtKpjrA7BNRrByE2E5XIQ,조이파파,2023-02-08T23:26:17Z,233,3.88,False,312,7,1,https://www.youtube.com/watch?v=cTwBROEnB0U,1250,358,PF230598,"국립국악관현악단, 어린이 음악회 노래놀이: 별별땅땅",한국음악(국악),국립극장 하늘극장,2024-04-25,2024-05-05,,,
rGIWPLTklCo,[웃는아이]치어댄스🔥질풍가도🔥[풀영상]이 무대 보고 심장 안 뛰면 사람 아니라는데..⚡,"이번엔 치어리딩 작품~!!
웃는아이 영웅팀의 동생 라인,
드디어  성공적인 공연을 했습니다🔥
풀영상도 함께 보시죠!!
또다시 터진 ‘설쌤 매직’✨
이 아이들이 무대에 서면,
그냥 전설이 됩니다.

2025 웃는아이 #6~8세용
#웃는아이최강시범단!
#최강C반#질풍가도#치어
#Kpop
#웃는아이2025
#웃는아이  
#웃는아이tv 
#웃는아이공연 
#웃는아이시범단
#웃는아이더설쌤댄스학원광교점 
#웃는아이더설쌤뮤지컬댄스학원수원역점 
#웃는아이더설쌤뮤지컬댄스학원서울점 
#sts엔터스튜디오
#키즈댄스
#키즈뮤지컬
#웃는아이더설쌤뮤지컬 
#웃는아이더설쌤댄스 
#웃는아이강습회
"" 최강 웃는아이 가즈아~!!""

누구도 따라올 수 없고! 누구도 흉내낼 수 없는 최강 웃는아이~!!
멋진 의상과 멋진 작품에 푹 빠져 보시기 바랍니당~!!^^
🔥의상 ,음원 문의 : 웃는아이 의상 본사  055) 337-9991 / 010-2553-4766 🔥🔥😄
--------------------------------------------------------------------------------------
웃는아이 더 설쌤 댄스학원  광교점 
웃는아이 더 설쌤 뮤지컬 댄스학원 수원역점 (수강, 공연, MD 문의 ) 
https://blog.naver.com/smilekidsd
(웃는아이 공연 시범단반 외 , 영유아 일반반, 초등 저학년 일반반, 
초등 고학년 일반반, 초등 보이 일반반, 초등 뮤지컬댄스반 등, 누구도 배울 수 있답니다. )
031)217-0778 (토요일~수요일까지 1시 이후 통화 가능) 
H.P )010-3300-7536

🔥공연, 행사, 학원 수강 문의 :S.T.S 웃는아이 : 설쌤 대표 번호 010-3300-7536😄
👍💕💕💕🔥🔥
#웃는아이 #Golden #키즈발표회 #어린이공연 #뮤지컬댄스 #2025핫스테이지 #KidsPerformance #goldenstage",UCRJwKKwndviefQdZzwE32cw,[웃는아이TV] S.T.S 최강 설쌤 !!,2025-09-27T07:08:12Z,471,7.85,False,653316,2889,215,https://www.youtube.com/watch?v=rGIWPLTklCo,340000,609,PF230598,"국립국악관현악단, 어린이 음악회 노래놀이: 별별땅땅",한국음악(국악),국립극장 하늘극장,2024-04-25,2024-05-05,,,
uU-y9l7Igdk,[2023 국악동요 부르기 한마당] 장서는 날♬ (한초롱 작사/윤학준 작곡) - 황세린 | KBS 230928 방송,"장서는 날♬ (한초롱 작사/윤학준 작곡) - 황세린 20230928

#국악동요부르기한마당 #전래동화 #동요 #노래 #어린이 #음악 #국악 #팝 #공연 #추석기획 #2023국악동요부르기한마당 

국악의 멋과 동심이 어우러진 국악 동요의 아름다움을 소개하고 보급하기 위해 1·2차 예선을 통과한 12팀 어린이들이 국악동요부르기 경연을 벌인다.

----------------------------------------------
   ▶ Homepage : https://www.kbs.co.kr/
   ▶ Wavve : https://www.wavve.com/
   ▶ Youtube : https://www.youtube.com/KBS누가누가잘하나
----------------------------------------------",UCLEqymCYoVEyDWkWT_e0jyA,누가누가 잘하나 KBS동요,2023-10-19T10:39:37Z,142,2.37,False,167677,430,0,https://www.youtube.com/watch?v=uU-y9l7Igdk,37800,3571,PF230598,"국립국악관현악단, 어린이 음악회 노래놀이: 별별땅땅",한국음악(국악),국립극장 하늘극장,2024-04-25,2024-05-05,,,
c4BCJ8m8ur0,[써니와 함께하는 율동요] 사물놀이송ㅣ어린이 사물놀이ㅣ국악창작동요ㅣ전통놀이 동요ㅣ풍물놀이ㅣ별달거리장단ㅣ유아 초등국악,"안녕하세요?

아이꿈터 TV 준PD에요!

이꿈이 친구들!
북, 장구, 징, 꽹과리 
우리나라 악기를  두드리며 신나고 흥겨운 사물놀이송 함께 해볼까요! 다함께 출발~
————————————————————————————————————————————————————

➜ 아이꿈터TV에서 제공되는 영상, 음원 및 모든 창작물들의 권리는 (주)아이꿈터에게 있으며,
    사용을 원하시는 분들은 아이꿈터 쇼핑몰(www.cdlmall.co.kr)의 자료실에서 이용하실 수 있습니다.
➜ 위 영상의 불법 재사용 및 배포를 금지합니다.
➜ 아이꿈터TV의 창작물의 사용을 원하시면 cdlmall2000@gmail.com으로 문의바랍니다.

————————————————————————————————————————————————————",UCk1rgRaCucSef10-fuzD2TA,아이꿈터TV - Kindergarten Joy,2023-10-13T03:00:26Z,147,2.45,False,21166,73,0,https://www.youtube.com/watch?v=c4BCJ8m8ur0,9870,206,PF230598,"국립국악관현악단, 어린이 음악회 노래놀이: 별별땅땅",한국음악(국악),국립극장 하늘극장,2024-04-25,2024-05-05,,,
7kH7gd2pKnE,[본편보다 더 재밌는 메이킹 영상] 국악놀이 상어 가족 | 상어 가족 국악 버전은 이렇게 만들어졌어요! | 동물동요 | 핑크퐁! 인기동요,"★호기 공식 한글 유튜브 채널 오픈★ 호기 유튜버 전격 데뷔! 
지금 바로 호기 채널 구독하기: https://www.youtube.com/channel/UCJlNBdRJPnxsHjdaTNEqmOg

★아기상어 단독 공식 유튜브 채널 오픈★구독하고 영상 보러 가요!
https://www.youtube.com/channel/UCNVE4szbMrOZk9IheX8vHbQ

핑크퐁의 새로운 영상을 가장 빠르게 만나는 방법!
지금 바로 핑크퐁 공식 유튜브 채널 [구독] 버튼을 눌러주세요.
★ 핑크퐁 유튜브 구독하기: https://www.youtube.com/user/pinkfongko

----

얼쑤! 
유튜브에 공개되자마자 상어 가족 오리지널 버전 만큼 큰 사랑을 받고 있는 [국악놀이 상어 가족] !
* [국악놀이 상어 가족] 보러가기 : https://youtu.be/T8A61HKKeO8

바로 그 국악놀이 상어 가족이 어떻게 만들어졌는지, 그 현장을 전격 공개합니다!
본 영상보다 더 재밌는 메이킹 영상,
국악의 친근한 매력에 풍덩! 빠져보세요~

우리 가락으로 부르니 더 신명나는
상어 가족 동요를 만나서 가보세~~~ 얼쑤!


★ '국악놀이 상어 가족' 가사

아기 상어
뚜 루루 뚜루
귀여운 
뚜 루루 뚜루
바닷속
뚜 루루 뚜루 
아기 상어

엄마 상어
뚜 루루 뚜루 
어여쁜
뚜 루루 뚜루 
바닷속
뚜 루루 뚜루 
엄마 상어 

아빠 상어
뚜 루루 뚜루 
힘이 센
뚜 루루 뚜루 
바닷속
뚜 루루 뚜루 
아빠 상어

할머니 상어
뚜 루루 뚜루 
자상한
뚜 루루 뚜루 
바닷속
뚜 루루 뚜루 
할머니 상어

할아버지 상어
뚜 루루 뚜루 
멋있는 
뚜 루루 뚜루 
바닷속
뚜 루루 뚜루 
할아버지 상어 

우리는
뚜 루루 뚜루
바다의
뚜 루루 뚜루 
사냥꾼
뚜 루루 뚜루 
상어 가족!

그때! 
저 멀리서 상어가족을 본 물고기들이 
후두두두두두두두두두두두두두두 
도망을 가는디! 

상어다
뚜 루루 뚜루 
도망쳐
뚜 루루 뚜루 
도망쳐
뚜 루루 뚜루 
숨자!
으악!

살았다
뚜 루루 뚜루
살았다
뚜 루루 뚜루
오늘도
뚜 루루 뚜루 
살았다 휴! 

신난다
뚜 루루 뚜루 
신난다
뚜 루루 뚜루
춤을 춰
뚜 루루 뚜루
한번 더 불러보세!

신난다
뚜 루루 뚜루 
신난다
뚜 루루 뚜루
춤을 춰
뚜 루루 뚜루
노래 끝!
얼쑤!




[핑크퐁! 동물동요] 
정글, 바다, 농장, 초원에 사는 다양한 동물 친구들이 가득!
노래하고 춤추며 동물들과 친해질 수 있는 핑크퐁 동물동요와 함께
귀여운 동물 친구들을 만나러가요!

★ 다음에는 뭐 볼까?
▶︎ '핑크퐁! 동물동요' 시리즈 : 
https://www.youtube.com/playlist?list=PLhzBuObIigYMnZIsiXZi0mk_RJqGpPfej
▶︎ '핑크퐁! 인기동요' 시리즈 :
https://www.youtube.com/playlist?list=PLhzBuObIigYOu8jR7BlGvGncYIQhGrU6I

----

전세계 어린이들의 마음을 사로잡은 글로벌 브랜드 핑크퐁!
핑크퐁 공식 유튜브 채널에 업로드되는 모든 동요・동화는
유아 교육 전문가들이 자체적으로 제작하고 있습니다.
핑크퐁 동요・동화의 다양한 시리즈는 앞으로 계속 추가됩니다.

핑크퐁 동요・동화를 앱으로도 만나보실 수 있습니다.
★ 무료 앱 다운로드 : http://i.sstudy.kr/L/588/des/

핑크퐁 도서나 인형 등 다양한 상품을 만나보고 싶으신가요?
★ 온라인 북스토어: http://pinkfong.com

핑크퐁 SNS를 팔로우하고 교육 정보와 이벤트 소식도 받아보세요!
★ 카카오스토리: https://story.kakao.com/ch/pinkfong
★ 페이스북: https://www.facebook.com/pinkfong.ko
★ 인스타그램: https://www.instagram.com/pinkfong_korea_official

Copyright © 2017 Smart Study Co., Ltd. All Rights Reserved.
#동요",UCqXwKu6dKobXEQFhdKtiJLQ,핑크퐁 (인기 동요・동화),2017-02-04T00:00:01Z,154,2.57,False,3562304,7245,0,https://www.youtube.com/watch?v=7kH7gd2pKnE,16500000,4485,PF230598,"국립국악관현악단, 어린이 음악회 노래놀이: 별별땅땅",한국음악(국악),국립극장 하늘극장,2024-04-25,2024-05-05,,,
Dpg0iNlpNVQ,[방구석 국악아동극] 우리 악기 훔쳐간 음치호랑이,"#국악기 #어린이국악 #아동극


본 영상은 '서울시 공연업 회생 프로젝트' 선정작으로
서울특별시의 후원을 통해 제작되었습니다.

즐겁게 감상해주시고 감상 한줄평 또는 응원의 댓글 부탁드립니다^^*


ㅡ
♣ 가야금 동요 애니메이션
(https://www.youtube.com/watch?v=Y99DV05quLc)
♣ 해금 동요 애니메이션
(https://www.youtube.com/watch?v=jHm6qvF4-Ek)
♣ 피리 동요 애니메이션
(https://www.youtube.com/watch?v=rnfHD8WicwY)
♣ 장구 동요 애니메이션
(https://www.youtube.com/watch?v=J46uqR6Kki0)
♣ 단소 동요 애니메이션
(https://www.youtube.com/watch?v=QBqEnGENhiI)",UC9xckfBnLxQUajtf93pPjIQ,권혁준 국악연구소,2020-12-30T13:23:30Z,2287,38.12,False,16472,171,49,https://www.youtube.com/watch?v=Dpg0iNlpNVQ,233,28,PF230598,"국립국악관현악단, 어린이 음악회 노래놀이: 별별땅땅",한국음악(국악),국립극장 하늘극장,2024-04-25,2024-05-05,,,
YTBs8tsqYLU,다가오는 어린이날!…한눈에 보는 문화 행사 / 연합뉴스TV (YonhapnewsTV),"다가오는 어린이날!…한눈에 보는 문화 행사

[앵커] 

이제 일주일 뒤면 '어린이날' 연휴입니다. 

가정에 아이가 있다면, 집에만 있을 수 없는날이죠. 

서울 곳곳에서 열리는 다채로운 문화행사를 신새롬 기자가 소개합니다. 

[기자]

20년간 어린이 공연을 꾸준히 선보여 온 국립국악관현악단의 신작입니다.

오랜 시간 축적한 노하우로 보고 듣는 공연을 넘어 참여하고 즐기는 공연으로 제작했습니다.

[어린이 음악회 노래놀이 '별별땅땅' 중] ""이상하다. 우리 반이 아닌데. (손님이 왔어. 깜빡별에. 무거운 공기) 손님?""

팍팍한 일상을 사는 은우네 가족이 '깜빡별'에서 자신들만의 별을 찾게 되는 이야기입니다.

올해로 7번째를 맞은 국내 유일의 서커스 축제는 연휴 기간 노들섬에서 열립니다.

참여형 공연부터 직접 서커스 동작을 배워보는 '서커스 예술놀이터' 등 17개 작품이 총 34회 공연으로 구성됐습니다.

특히 이번 축제에는 1925년 설립된 우리나라 최초의 서커스단, 동춘서커스가 처음으로 참여합니다.

고궁의 운치를 만끽하며 역사 체험도 하는 '어린이 궁중문화축전'도 있습니다.

음식을 만드는 숙수, 사람을 고치는 의관, 그림을 그리는 화원 등 조선시대 직업 체험부터 인형극, 전통 연희도 진행됩니다.

마포아트센터 광장에는 4미터가 넘는 거대한 인형의 거리극이 펼쳐집니다. 

풍선아트와 마술 등 광장행사는 물론, 5월 말까지 다양한 뮤지컬 공연이 예정돼 있습니다.

동대문디자인플라자는 세상에서 가장 이색적인 디자인 동물원으로 변신하고, 남산골한옥마을은 '바다처럼 푸르게' 꾸며질 예정입니다.
 
연합뉴스TV 신새롬입니다. (romi@yna.co.kr)

#어린이날 #연휴_놀거리 #연휴_볼거리 #마포아트센터 #DDP #남산골한옥마을 #별별땅땅 #서울서커스페스티벌 #어린이_궁중문화축전
    
연합뉴스TV 기사문의 및 제보 : 카톡/라인 jebo23

▣ 연합뉴스TV 유튜브 채널 구독
https://goo.gl/VuCJMi
▣ 대한민국 뉴스의 시작 연합뉴스TV / Yonhap News TV
http://www.yonhapnewstv.co.kr/",UCTHCOPwqNfZ0uiKOvFyhGwg,연합뉴스TV,2024-04-28T01:56:20Z,112,1.87,False,429,5,0,https://www.youtube.com/watch?v=YTBs8tsqYLU,2260000,704493,PF230598,"국립국악관현악단, 어린이 음악회 노래놀이: 별별땅땅",한국음악(국악),국립극장 하늘극장,2024-04-25,2024-05-05,,,
1gkmUB8GRlo,어린이를 위한 국악 동영상 - 소고춤 Sogochum（Small drums dance）,"손잡이가 있는 작은 북인 ‘소고’를 들고 추는 춤입니다. 농악놀이 중 소고 연주자의 개인기를 바탕으로 무대화 시킨 것으로, 화려하고 역동적인 움직임을 선사합니다.   
출연: 선화예술중학교 무용반
（김경빈,김단아,김효정,목승현,윤유정,이시은,이정민,이지연,최서연）",UCmN4xFSlmWw-_d2riM-ep0A,국립국악원 National Gugak Center,2017-09-06T10:28:30Z,247,4.12,False,257927,862,151,https://www.youtube.com/watch?v=1gkmUB8GRlo,72700,3576,PF230598,"국립국악관현악단, 어린이 음악회 노래놀이: 별별땅땅",한국음악(국악),국립극장 하늘극장,2024-04-25,2024-05-05,,,
79ZvUAaub0s,2025 전북어린이예술단 기획공연 늘해랑 어린이국악관현악단,,UCyYGVH54OYp7soT3QU704qQ,전북특별자치도립국악원,2026-01-08T02:25:41Z,1966,32.77,False,112,1,0,https://www.youtube.com/watch?v=79ZvUAaub0s,546,258,PF230598,"국립국악관현악단, 어린이 음악회 노래놀이: 별별땅땅",한국음악(국악),국립극장 하늘극장,2024-04-25,2024-05-05,,,
zjg757sy8k8,어린이를 위한 국악 동영상 - 강강술래 Ganggangsullae（A circle dance）,"강강술래는 추석 즈음, 밝은 달 아래서 여러 사람이 함께 즐기던 민속예술입니다. 
손을 잡고 원을 돌며 부르는 노래와 남생이 놀이, 꼬리 따기, 대문놀이 등 여러 가지 놀이가 포함되어 있어, 노래와 음악, 춤, 전래놀이를 모두 감상할 수 있습니다. 
출연: 국립전통예술중학교 무용반
（김가은,김나율,김보경,박유리나,윤진,이승아,임승현,전은수,정규선,조현경,한보하,홍수연）",UCmN4xFSlmWw-_d2riM-ep0A,국립국악원 National Gugak Center,2017-09-06T09:22:05Z,396,6.6,False,1108387,5950,0,https://www.youtube.com/watch?v=zjg757sy8k8,72700,3576,PF230598,"국립국악관현악단, 어린이 음악회 노래놀이: 별별땅땅",한국음악(국악),국립극장 하늘극장,2024-04-25,2024-05-05,,,
yRPkhIWn6i0,태연이의 첫장구,4살어린이가선생님에게장구를배우는모습입니다,UCbiF_iDtGc8ESSn0wkmQjhg,국악신동 아기호랑이 김태연TV,2015-10-06T10:56:58Z,30,0.5,True,827790,10747,482,https://www.youtube.com/watch?v=yRPkhIWn6i0,54600,400,PF230598,"국립국악관현악단, 어린이 음악회 노래놀이: 별별땅땅",한국음악(국악),국립극장 하늘극장,2024-04-25,2024-05-05,,,
6pWY0GvIX0o,"[웃는아이]풀영상💥""단지동맹""💥영하15도 날씨에도 모두를 울렸다 (실화: 지나가던 외국인 커플도 울었음 )","""우리 친구들이 있기에 대한민국의 미래가  밝다 !!""
많이 격려 해 주시고,,, 응원 해 주시고...이렇게 뜨거운 관심을 주실 줄 몰랐습니다.
풀 영상 늦게  올려드려 죄송합니다. 
앞으로 더욱 멋진 공연 보여드리는 웃는아이가 되겠습니다. 감사합니다^^

저희는 #정치 색과 관련 없습니다. 순수한 작품으로만 예쁘게 봐 주세요^^

#단지동맹#삼일절#영웅#초등학생길거리공연#서대문형무소#독립문
#그날을기약하며#삼일절공연

#키즈뮤지컬학원 #웃는아이뮤지컬서울점 #오픈💥
#신방화역6번출구 
영상은 
#STS엔터컴퍼니 에서 제작하고 있습니다
ㆍ
#키즈뮤지컬
#키즈뮤지컬학원
#어린이뮤지컬학원
#키즈댄스
#웃는아이더뮤지컬댄스학원
#웃는아이더설쌤댄스학원
#뮤지컬
#뮤지컬공연
#어린이뮤지컬
#어린이뮤지컬공연
#뮤지컬반
#공연반
#키즈공연
#행사공연전문
-------------------------------------------------------------------------------------------
국내 최고의 kids 발표회 의상 전문 회사 
 ""(주) 웃는아이""와 함께하는 ""웃는아이 더 설쌤 댄스학원 ""
여러분들에게도 배움의 문은  활짝 열려 있답니다^^ 
--------------------------------------------------------------------------------------
웃는아이 더 설쌤 (뮤지컬) 댄스 학원 (S.T.S웃는아이)
상담 대표 전화 H.P :  010-3300-7536 (월요일 휴무)
웃는아이 더 설쌤 댄스학원  광교점 
웃는아이 더 설쌤 뮤지컬 댄스학원 수원역점 

(수강, 공연, MD 문의 ) 
https://blog.naver.com/smilekidsd
(웃는아이 공연 시범단반 외 , 뮤지컬반, 영유아 일반반, 초등 저학년 일반반, 
초등 고학년 일반반, 초등 보이 일반반, 초등 뮤지컬댄스반 등, 누구도 배울 수 있답니다. )",UCRJwKKwndviefQdZzwE32cw,[웃는아이TV] S.T.S 최강 설쌤 !!,2024-03-20T01:25:01Z,886,14.77,False,1416597,47815,1092,https://www.youtube.com/watch?v=6pWY0GvIX0o,340000,609,PF230598,"국립국악관현악단, 어린이 음악회 노래놀이: 별별땅땅",한국음악(국악),국립극장 하늘극장,2024-04-25,2024-05-05,,,
jTyVObdzFXg,[방방곡곡 문화공감]국악뮤지컬 토돌이의 모험,"대구문화예술회관 기획공연
어린이를 위한 국악뮤지컬
토돌이의 모험

연출_김성경
지휘_이현창
극작가_손호석
작곡_이정호

출연진
(해설가)김수경   (토돌이)윤정화   (별주부)남준우
(용    왕)김현준   (토돌이엄마)정가빈   (여   우)정영래
(사   슴)박채린   (곰)백건우  (원숭이)손종욱  (맷돼지)이언승

무용_대구시립무용단
연주_대구시립국악단",UC7EcNhRVm-YeAlXITCurs1g,대구문화예술회관,2020-10-31T01:34:54Z,3359,55.98,False,33255,241,0,https://www.youtube.com/watch?v=jTyVObdzFXg,1600,228,PF230598,"국립국악관현악단, 어린이 음악회 노래놀이: 별별땅땅",한국음악(국악),국립극장 하늘극장,2024-04-25,2024-05-05,,,
oOzZyBJoXS4,제58회 영재국악회 - 어린이 난타 (으라차타) (10분4초),"2018년 7월 15일(일)
서울 남산국악당 크라운해태 극장

크라운-해태제과가 주최하는 '영재국악회'는 국악영재들에게 대형무대에서 공연하는 기회를 제공함으로써 더 큰 꿈을 키워 나갈 수 있도록 응원하기 위해 열리는 공연입니다.",UCNe-ROygNVl6LikcKxBucAg,크라운해태,2018-08-17T02:11:02Z,605,10.08,False,69481,288,17,https://www.youtube.com/watch?v=oOzZyBJoXS4,8840,4706,PF230598,"국립국악관현악단, 어린이 음악회 노래놀이: 별별땅땅",한국음악(국악),국립극장 하늘극장,2024-04-25,2024-05-05,,,
fcL3fsoMbTs,[2023 국악동요 부르기 한마당] 설장고♬ - 선화예중 | KBS 230928 방송,"설장고♬ - 선화예중 20230928

#국악동요부르기한마당 #전래동화 #동요 #노래 #어린이 #음악 #국악 #팝 #공연 #추석기획 #2023국악동요부르기한마당 

국악의 멋과 동심이 어우러진 국악 동요의 아름다움을 소개하고 보급하기 위해 1·2차 예선을 통과한 12팀 어린이들이 국악동요부르기 경연을 벌인다.

----------------------------------------------
   ▶ Homepage : https://www.kbs.co.kr/
   ▶ Wavve : https://www.wavve.com/
   ▶ Youtube : https://www.youtube.com/KBS누가누가잘하나
----------------------------------------------",UCLEqymCYoVEyDWkWT_e0jyA,누가누가 잘하나 KBS동요,2023-10-19T10:32:34Z,167,2.78,False,1289,2,0,https://www.youtube.com/watch?v=fcL3fsoMbTs,37800,3571,PF230598,"국립국악관현악단, 어린이 음악회 노래놀이: 별별땅땅",한국음악(국악),국립극장 하늘극장,2024-04-25,2024-05-05,,,
aFAIk6iUps8,도레미송♬ (오스카 해머스타인 2세 작사/리처드 로저스 작곡) - 리틀소리나래빛중창단 [누가 누가 잘하나] | KBS 240530 방송,"도레미송♬ (오스카 해머스타인 2세 작사/리처드 로저스 작곡) - 리틀소리나래빛중창단

#누가누가잘하나 #전래동화 #동요 #노래 #어린이 #음악 #국악 #팝 #공연 

1954년 시작된 국내 최초, 국내 유일의 어린이 전문 음악 프로그램
동요와 함께 끼와 재능을 마음껏 뽐내는 어린이들의 꿈의 무대로 
동요 보급과 활성화를 위해 추억의 동요 명곡부터 교과서 수록곡, 최신 동요까지 
세상의 모든 동요를 소개하고, 함께 부른다. 
또한 클래식, 국악, 뮤지컬, 팝 등 다양한 장르의 고품격 음악과 공연을 소개해  
어린이들의 감성을 일깨우고 음악 전반에 대한 이해를 북돋운다.

----------------------------------------------
   ▶ Homepage : https://www.kbs.co.kr/
   ▶ Wavve : https://www.wavve.com/
   ▶ Youtube : https://www.youtube.com/KBS누가누가잘하나
----------------------------------------------",UCLEqymCYoVEyDWkWT_e0jyA,누가누가 잘하나 KBS동요,2024-05-30T07:58:22Z,107,1.78,False,121433,170,0,https://www.youtube.com/watch?v=aFAIk6iUps8,37800,3571,PF230598,"국립국악관현악단, 어린이 음악회 노래놀이: 별별땅땅",한국음악(국악),국립극장 하늘극장,2024-04-25,2024-05-05,,,
qc-wsbdtiGo,"2024 아이스타 유치원&어린이집 선생님 필수 시청!! ""소고춤-뱃놀이""","#유치원 #어린이집 #아이스타시범단 #학예발표회 #무대영상 #재롱잔치

유치원&어린이집&초등학예의상 관련 모든 의상은 아이스타에서!

체육복, 원복, 졸업가운, 안전조끼, 재난방석 등 다양한 상품을 만나보세요!

★ 아래 링크를 통해 만나보세요!

아이스타 홈페이지 
https://www.istar.in/

아이스타 무대의상 
http://아이스타.shop

카카오톡 
@아이스타

전화문의 
053-556-2581

이메일 
istar2591@hanmail.net",UCxvMm1JUc0cfjiYdSULhuZw,아이스타,2024-09-09T07:43:37Z,214,3.57,False,57237,,13,https://www.youtube.com/watch?v=qc-wsbdtiGo,9010,388,PF230598,"국립국악관현악단, 어린이 음악회 노래놀이: 별별땅땅",한국음악(국악),국립극장 하늘극장,2024-04-25,2024-05-05,,,
4TjqyF0I4RE,"7세 사물놀이 발표회 | 나사렛유치원 | 어린이 국악 | 장구,북,꽹과리,징 | 상모 돌리기 | 국악노리","@7세 사물놀이 발표회 
[ 나사렛 유치원, 감사반 ]

사물놀이는 네 사람 이상이 각기 꽹과리,징, 장구, 북을 가지고 상쇠가 주도하는 리듬을 따라 연주하는 대표적인 우리나라 민속 연희의 하나입니다.
이번 발표회에서는 '자바라'라는 국악기를 대신해 심벌즈를 추가하였고, 상모를 더함으로써 더욱 다양한 볼거리를 주었습니다. 

✔️ 사물놀이 순서

1. 휘모리(이채)장단
2. 인사 장단
3. 오방진 장단
4. 휘모리(변형)연결장단
5. 이채 장단
6. 마무리 장단
7. 육채 장단
8. 별달거리
9. 인사 장단

_____________________________________


""놀이로 즐기고 놀이로 학습하는 음악놀이터""

             음.악.노.리.

문의전화: 1577-2660
홈페이지: musicnori.com
블로그: https://blog.naver.com/music_nori

_____________________________________

※ 영상의 모든 컨텐츠 저작권은 음악노리에 있습니다. 저작권자의 허락없이 무단 도용, 상업적인 사용을 금지하며, 이를 어길 시 법적 책임을 물을 수 있습니다. 

콘텐츠 사용에 대한 문의는 music-nori@naver.com 으로 연락주시기 바랍니다.",UCtc5CoZLjmWD20dAaKMy5Xg,"음악노리 : 유아음악교육, 창작동요",2023-12-23T14:13:31Z,264,4.4,False,3507,46,2,https://www.youtube.com/watch?v=4TjqyF0I4RE,4330,43,PF230598,"국립국악관현악단, 어린이 음악회 노래놀이: 별별땅땅",한국음악(국악),국립극장 하늘극장,2024-04-25,2024-05-05,,,
lqxNtlcTfWQ,창작칸타타 '동방의빛',새해 희망의 메세지,UCxAtETd468AsvJbHidfK8wQ,명곡방송,2020-01-19T21:43:50Z,305,5.08,False,123,1,0,https://www.youtube.com/watch?v=lqxNtlcTfWQ,1550,1720,PF287338,제33회 경산시립합창단 정기연주회: 동방의 빛,서양음악(클래식),천마아트센터 그랜드홀,2026-03-26,2026-03-26,,,
ndjs9eN-hzY,"[국립합창단] 창작칸타타 동방의 빛 (오병희 작곡, 탁계석 대본)ㅣ3•1운동 및 대한민국 임시정부 수립 100주년 기념연주회 (2019.3.3)","4월 11일 #대한민국임시정부수립기념일 을 맞이하여 지난 국립합창단의 공연을 소개합니다.
공연을 감상하시며 3•1운동 및 우리 선조들의 찬란한 역사를 국립합창단과 함께 기억해주시기 바랍니다.


[국립합창단] 기획공연 창작칸타타 #동방의빛 (2019.3.3)
3•1운동 및 대한민국 임시정부 수립 100주년 기념연주회

∎  일시 : 2019년 3월 3일(일) 오후 5시
∎  장소 : 예술의전당 콘서트홀

∎  프로그램
제 1부 건(建)
1부 '건'은 단군세기를 소재로 하여 한국적이면서도 현대적으로 표현했다.
훈, 나각, 운라 같은 국악기들이 토속적인 분위기를 더한다.
태고의 신비함과 고요함을 표현한 '프롤로그', 
하늘이 열리며 환웅과 3천 군사가 강림하는 '개천', 
바람과 비와 구름을 주관하는 신을 그리는 '풍백, 우사, 운사'가 차례로 소개된다.
'곰, 인간이 된다'에서는 어린이의 목소리를 통해 그 신비함을 전하고
'널리 인간을 복 되게 하라'는 '홍익인간'으로 1부를 마친다. 

1. 프롤로그 
2. 개천(開天)
3. 강림(降臨)
4. 풍백(風伯) Sop 이은보라
5. 우사(雨師)
6. 운사(雲師) Bass 길은배
7. 곰, 인간이 되다
8. 홍익인간(弘益人間) M.Sop 강문선


제 2부 혼(魂)
2부 '혼'은 우리 민족의 정신을 3가지 색채로 표현했다.
우리 민족의 흥을 보여주다가 더 나아가 민족의 한을 노래하기도 한다. 
'아리랑' 선율을 통해 한민족의 따뜻함과 나라를 잃은 슬픔을 보여주기도 한다.

1. 흥(興)
2. 한(恨) 소리 민은경
3. 기(氣)
4. 정(情) Alto 최윤정
5. 비(悲) Ten 신성현  Bass 유지훈


제 3부 판(Pan)
3부 '판'은 순수 우리말로 '구경꾼들이 보는 가운데 여러 가지 놀이가 벌어지는 마당'을 가리킨다.
3•1절이 축제의 날임을 노래하기도 한다.
'함성'에서는 독립군 3중창에 '대한독립 만세'를 외치는 합창이 이어져 감동을 전하고,
'판 코리아'에서는 대한민국의 자주독립을 축하하며
'희'에서는 우리의 미래와 희망을 노래한다. 

1. 함성(喊聲) Sop 김명희 (유관순) Ten 오영인 (김구) Bass 김문섭 (독립군)
2. 판 코리아 Sop 조윤정  Ten 박의준
3. 희(希)


∎  출연자
지휘 l 윤의중
대본 l 탁계석
작곡 l 오병희
해설 l 장광 
소리 l 민은경
모듬북, 장구 l 김태형
국악타악 l 서수복
피리, 태평소 l 오경준
대금, 소금, 훈 l 한충은
가야금 l 정민진
연주 l #국립합창단 시흥시립합창단 안양시립소년소녀합창단 코리아쿱오케스트라",UCPt2iPR8bH27BlXTY2g_D3w,국립합창단 l The National Chorus of Korea,2023-04-10T15:00:37Z,4683,78.05,False,4251,41,4,https://www.youtube.com/watch?v=ndjs9eN-hzY,9770,314,PF287338,제33회 경산시립합창단 정기연주회: 동방의 빛,서양음악(클래식),천마아트센터 그랜드홀,2026-03-26,2026-03-26,,,
X49cZ7jzM-4,길 - 보아스합창단,"2015.12.06 대구성명교회 
보아스합창단 초청연주회",UCeMBiQ01MJpaY71_xWod42A,Sangmi KIM,2015-12-14T05:35:54Z,279,4.65,False,367,1,0,https://www.youtube.com/watch?v=X49cZ7jzM-4,554,160,PF287338,제33회 경산시립합창단 정기연주회: 동방의 빛,서양음악(클래식),천마아트센터 그랜드홀,2026-03-26,2026-03-26,,,
VLNPApZAYCg,2014성가합창제_보아스합창단,"2014 한국성가협회 성가합창제
특별출연 보아스합창단
일시 : 2014.11.14
장소 : 경산중앙교회
연주 곡목
1. 원해
2. 길
3. 예수",UCeMBiQ01MJpaY71_xWod42A,Sangmi KIM,2016-12-01T04:52:39Z,934,15.57,False,863,12,2,https://www.youtube.com/watch?v=VLNPApZAYCg,554,160,PF287338,제33회 경산시립합창단 정기연주회: 동방의 빛,서양음악(클래식),천마아트센터 그랜드홀,2026-03-26,2026-03-26,,,
P9gJNbRXGv8,대구광역시 합창연합회 특별연주회 봄의 합창 3일차 1회,"주최:대구콘서트하우스 & 대구합창연합회
출연합창단

0:00 공연준비
33:22 한울림여성합창단
44:30 헤븐스레이디스콰이어
57:20 경산문화원 칼리오페코러스
1:11:30 CTS대구권사합창단",UCCbo9HOw__bdyZ5SYX3KKUw,정필희,2021-05-22T20:00:06Z,3360,56.0,False,2046,30,3,https://www.youtube.com/watch?v=P9gJNbRXGv8,205,72,PF287338,제33회 경산시립합창단 정기연주회: 동방의 빛,서양음악(클래식),천마아트센터 그랜드홀,2026-03-26,2026-03-26,,,
HBwHscLOkEo,🏫교복이 예쁜 고등학교 순위 TOP10 #shorts,#한림예고 #리라아트고 #고양국제학교 #선화예고 #서울공연예술고등학교 #서공예 #고양예고,UCbhnh4YdwboNUzqjirPdlng,글랭_GlobalRanking,2023-05-23T08:45:00Z,42,0.7,True,1345700,28476,577,https://www.youtube.com/watch?v=HBwHscLOkEo,14400,96,PF287338,제33회 경산시립합창단 정기연주회: 동방의 빛,서양음악(클래식),천마아트센터 그랜드홀,2026-03-26,2026-03-26,,,
hB23onKa5lw,🚪 [창작공감: 작가] ‘모든’ | 세상 쿨해버린 엄마의 등장 🙄,"🚪

엄마나 아빠 말고 그냥 이름으로 불러😐

#세상_쿨한_엄마의_등장
#다가오는_10월_홍아센에서_만나보세요_👀

-
📍 [창작공감: 작가] '모든'

✔ 대학생 및 청소년 40%

✔ 삼삼오오 30%

✔ [창작공감: 작가] 본 공연 관람자 30%

✔ 문화릴레이 20%

-
[창작공감: 작가] '모든'

작 신효진 | 연출 김 정

출연 강민지 류혜린 안병식 이미숙 이상은 최희진

2024년 10월 3일 - 10월 27일

홍익대 대학로 아트센터 소극장

-
#국립극단 #연극 #창작공감 #작가 #모든 #연극모든 #홍익대대학로아트센터소극장",UC-2Nn7WrZJkx1m-g_Y0Gf2Q,국립극단,2024-09-19T05:00:53Z,20,0.33,True,6691,41,6,https://www.youtube.com/watch?v=hB23onKa5lw,24700,811,PF248279,"창작공감: 작가, 모든",연극,홍익대 대학로 아트센터 소극장,2024-10-03,2024-10-27,,,
bh6wKBWlnKA,241026 [창작공감: 작가] 모든 커튼콜,"241026 [창작공감: 작가] 모든 커튼콜
강민지, 류혜린, 안병식, 이미숙, 이상은, 최희진",UCYEI9Ha4KvGBku-AgCWgo5g,기록,2024-10-26T07:42:12Z,57,0.95,True,41,0,0,https://www.youtube.com/watch?v=bh6wKBWlnKA,287,1049,PF248279,"창작공감: 작가, 모든",연극,홍익대 대학로 아트센터 소극장,2024-10-03,2024-10-27,,,
aRhqJnuRemA,23초로 공연 한 편 뚝딱 가능? 😎🔨 | [창작공감: 작가] ‘모든’,"🚪

다들 주목❕
개막 전 미리 보는 연극 '모든'

#23초로_한번_압축해보았습니다_✨
#연극_모든이_더_궁금해지셨다면
#다가오는_10월_극장에서_만나요_🫡

-
🍯매진 회차 예매 𝐓𝐈𝐏

➊ 관람일 전날 취소 마감 시간(17시) 전후로 취소석이 생길 가능성이 있다!
〰온라인 예매: 당일 공연 시작 3시간 전까지

➋ 관람 당일 콜센터에 당일 취소석이 있는지 문의한다!
〰당일 예매는 카드 결제만 가능
〰당일 공연 예매 시 취소/변경/환불 불가

🏠자세한 사항 홈페이지 확인

-
[창작공감: 작가] '모든'

작 신효진 | 연출 김 정

출연 강민지 류혜린 안병식 이미숙 이상은 최희진

2024년 10월 3일 - 10월 27일

홍익대 대학로 아트센터 소극장

-
#국립극단 #연극 #창작공감 #작가 #모든 #연극모든 #홍익대대학로아트센터소극장",UC-2Nn7WrZJkx1m-g_Y0Gf2Q,국립극단,2024-09-25T02:00:00Z,24,0.4,True,1069,10,0,https://www.youtube.com/watch?v=aRhqJnuRemA,24700,811,PF248279,"창작공감: 작가, 모든",연극,홍익대 대학로 아트센터 소극장,2024-10-03,2024-10-27,,,
yiGp__ceXuQ,"2022 [창작공감] 시작합니다!💨 참여 연출가, 작가 홍보촬영 현장 🎬 l 국립극단 창작공감","2022 [창작공감]의 참여 연출가, 참여 작가와 함께한
홍보촬영 현장을 공개합니다!

💜 참여 연출가 임성현, 한민규
💛 참여 작가 윤미희, 이소연

참여 연출가 및 작가들의 화목한 촬영기를 지금 확인해보세요✅

2023년 본 공연에서 만나는 그 날까지
2022 [창작공감], 시작합니다 💨💨

[콘텐츠 제작]
서포터즈 극단적 낭만인 9기 박예지, 임도희, 최나윤
-
국립극단 작품개발사업 [창작공감]
🏠세부정보 https://bit.ly/3U00SVL

#국립극단 #창작공감 #연극 #연출 #작가 #임성현 #한민규 #윤미희 #이소연 #작품개발  #NationalTheaterCompanyofKorea​ #NTCK​",UC-2Nn7WrZJkx1m-g_Y0Gf2Q,국립극단,2022-09-13T07:43:38Z,84,1.4,False,481,8,0,https://www.youtube.com/watch?v=yiGp__ceXuQ,24700,811,PF248279,"창작공감: 작가, 모든",연극,홍익대 대학로 아트센터 소극장,2024-10-03,2024-10-27,,,
Zxa8ZVulL7o,'장애와 예술’을 주제로 모인 연출가들의 만남! l 창작공감: 연출,"'당신의 계획에 국립극단이 함께하고 싶습니다'
국립극단 작품개발사업 [창작공감]

💡 [창작공감: 연출]
[창작공감: 연출]은 새로운 창작자와의 적극적인 협업을 통해 
동시대 창작극 개발을 시도합니다.

2021년의 주제 '장애와 예술'
장애예술가, 비장애예술가, 혹은 장애·비장애 예술가의 협업
장애를 공연 언어로 어떻게 감각하게 할 것인가에 대한 고민
장애인의 삶, 장애인과 사회의 관계에 대한 성찰
극장 접근성과 전통적인 관극 방식에 던지는 질문
다양한 장애 정체성을 고려한 창작과 새로운 제작 형식까지.

영상을 통해 창작극 개발 과정에 동행해보세요!

※본 콘텐츠는 방역지침을 준수하여 제작했습니다.
_
국립극단 작품개발사업 [창작공감]
🏠세부정보 https://bit.ly/3oWDVn7

#국립극단 #연극 #창작공감 #창작공감연출 #연출 #창작극 #쇼케이스 #NationalTheaterCompanyofKorea​ #NTCK​",UC-2Nn7WrZJkx1m-g_Y0Gf2Q,국립극단,2021-06-01T07:32:38Z,313,5.22,False,656,17,1,https://www.youtube.com/watch?v=Zxa8ZVulL7o,24700,811,PF248279,"창작공감: 작가, 모든",연극,홍익대 대학로 아트센터 소극장,2024-10-03,2024-10-27,,,
z18n10xBTY4,중장년 여성의 대화가 이렇게 귀여울 일? 🤔 | [창작공감: 작가] '은의 혀' #대공감,"🐸

중장년 여성의 대화가 이렇게 귀여울 일? 🤔
#대사가_공연이_되는_과정_감상하기
#대_공_감_은의혀_💚

-
[창작공감: 작가] '은의 혀'

작 박지선 | 연출 윤혜숙

출연 강혜련 이경민 이지현 이후징 정다연

2024년 8월 15일 - 9월 8일

홍익대 대학로 아트센터 소극장

-
#국립극단 #은의혀 #창작공감 #작가 #박지선 #윤혜숙 #강혜련 #이경민 #이지현 #이후징 #정다연 #홍익대대학로아트센터소극장",UC-2Nn7WrZJkx1m-g_Y0Gf2Q,국립극단,2024-07-23T05:00:27Z,21,0.35,True,2155,18,0,https://www.youtube.com/watch?v=z18n10xBTY4,24700,811,PF248279,"창작공감: 작가, 모든",연극,홍익대 대학로 아트센터 소극장,2024-10-03,2024-10-27,,,
0V060-v7Jtw,김도영 작가 '금조 이야기' 📝 본 공연을 앞두고 l 창작공감: 작가,"국립극단 작품개발사업 [창작공감: 작가]
1차 낭독회,  2차 낭독회를 거쳐 본 공연을 앞두고 있는 지금!

김도영 작가의 '금조 이야기' 📝
마지막 과정기록영상을 통해,
그리고 객석에서, 끝까지 함께해주세요! 

※본 콘텐츠는 방역지침을 준수하여 제작했습니다.
_
[창작공감: 작가] 본 공연 - 금조이야기
2022.03.30.-2022.04.10. 
국립극단 백성희장민호극장
🏠세부정보&예매하기 https://bit.ly/3HFN5My

국립극단 작품개발사업 [창작공감]
🏠세부정보 https://bit.ly/3oWDVn7

#국립극단 #연극 #금조이야기 #김도영 #신재훈 #창작공감 #창작공감작가 #극작가 #NationalTheaterCompanyofKorea​ #NTCK​",UC-2Nn7WrZJkx1m-g_Y0Gf2Q,국립극단,2022-03-31T02:00:01Z,510,8.5,False,1006,18,1,https://www.youtube.com/watch?v=0V060-v7Jtw,24700,811,PF248279,"창작공감: 작가, 모든",연극,홍익대 대학로 아트센터 소극장,2024-10-03,2024-10-27,,,
-zQ305AjJS8,"2023 [창작공감: 작가] 짧터뷰 | 박지선, 신효진","🎞
2023 [창작공감] 참여 작가
홍보 촬영 스케치 with 짧터뷰 👀💨

#2023_창작공감_작가_✨
#홍보촬영_현장_스케치에_인터뷰_한스쿱

그들이 글을 쓰는 시선과
앞으로의 창작공감, 그리고 하고 싶은 말.

➰ ’담대한 상상‘, 이것만이 아닌 또 다른 길도 있다는 것
➰ 공존, 인간으로 산다는 것 무엇인가

#우리는_국립극단에서_창작공감_합니다
#2023 #창작공감 #작가 #국립극단",UC-2Nn7WrZJkx1m-g_Y0Gf2Q,국립극단,2023-09-04T05:00:00Z,91,1.52,False,278,6,0,https://www.youtube.com/watch?v=-zQ305AjJS8,24700,811,PF248279,"창작공감: 작가, 모든",연극,홍익대 대학로 아트센터 소극장,2024-10-03,2024-10-27,,,
9xSS8KyHYgg,"""나에게 창작공감이란 책임감이다.""  🛫l 국립극단 창작공감","💡
""나에게 창작공감이란 책임감이다.""
2022 참여 작가 윤미희

-
📍국립극단 2023 [창작공감: 작가, 연출] 공모

동시대 창작극 개발을 위한 [창작공감: 작가, 연출]에 새롭게 함께 할 작가 및 연출가를 찾습니다.

✔️다양한 동시대 담론을 탐구하는 희곡 집필 계획을 가진 작가

✔️’과학기술과 예술'을 주제로 창작연극 제작 계획을 가진 연출가

✔️나이 제한 없음

✔️2024 국립극단 레퍼토리 제작을 위한 작품개발 과정

-

📍접수기간

[창작공감: 작가] ~3월 29일(수) 18시까지
🔗bit.ly/3ZvviRD

[창작공감: 연출] ~3월 29일(수) 18시까지
🔗bit.ly/3ZosllJ

2023 [창작공감] FAQ
🔗bit.ly/3EIOiEg

🏠 자세한 사항 홈페이지 확인
#국립극단 #연극 #창작공감 #작가 #연출",UC-2Nn7WrZJkx1m-g_Y0Gf2Q,국립극단,2023-02-23T05:00:05Z,349,5.82,False,969,13,0,https://www.youtube.com/watch?v=9xSS8KyHYgg,24700,811,PF248279,"창작공감: 작가, 모든",연극,홍익대 대학로 아트센터 소극장,2024-10-03,2024-10-27,,,
RDAGcd4g-34,동시대와 호흡하는 새로운 극작가의 여정 l 창작공감: 작가,"'당신의 계획에 국립극단이 함께하고 싶습니다'
국립극단 작품개발사업 [창작공감]

💡 [창작공감: 작가]
'동시대와 호흡할 수 있는 새로운 극작가와 창작극의 탄생을 돕는 여정'
[창작공감: 작가]는 다양성, 기후위기와 지속가능성, 디지털 전환 등
현재 우리가 살고 있는 시대와 공유하고 싶은 담론을 펼칠 
작가들을 만나 새로운 창작극을 만들어 가고 있습니다.

영상을 통해 그 과정에 동행해보세요!

※본 콘텐츠는 방역지침을 준수하여 제작했습니다.
_
국립극단 작품개발사업 [창작공감]
🏠세부정보 https://bit.ly/3oWDVn7

#국립극단 #연극 #창작공감 #창작공감작가 #극작가 #작가 #희곡 #낭독회 #NationalTheaterCompanyofKorea​ #NTCK​",UC-2Nn7WrZJkx1m-g_Y0Gf2Q,국립극단,2021-05-28T07:44:28Z,275,4.58,False,1055,22,0,https://www.youtube.com/watch?v=RDAGcd4g-34,24700,811,PF248279,"창작공감: 작가, 모든",연극,홍익대 대학로 아트센터 소극장,2024-10-03,2024-10-27,,,
9I_xaqg1QeQ,"작가 배해률 ""즐겁게 쓴 이야기, 그것만으로 충분한 순간"" l 창작공감: 작가","'당신의 계획에 국립극단이 함께하고 싶습니다'
국립극단 작품개발사업 [창작공감]

💡 [창작공감: 작가] 배해률
""즐겁게 쓴 이야기, 그것만으로 충분한 순간"" 

 📝 따끈따끈 초고를 완성한 작가들을 만나보았습니다!
영감을 주었던 것, 창작에 도움이 되는 작가만의 꿀팁까지!
새로운 창작극을 위한 작가들의 여정을 확인해보세요🔍

※본 콘텐츠는 방역지침을 준수하여 제작했습니다.
_
[창작공감: 작가] 1차 낭독회
2021.8.27.(금)-8.29.(일) JCC아트센터 콘서트홀
🏠세부정보&예약하기 https://bit.ly/3jekODL

국립극단 작품개발사업 [창작공감]
🏠세부정보 https://bit.ly/3oWDVn7

#국립극단 #창작공감 #연극 #창작공감작가 #작가 #극작가 #희곡 #낭독회 #작품개발팀
#NationalTheaterCompanyofKorea​ #NTCK​",UC-2Nn7WrZJkx1m-g_Y0Gf2Q,국립극단,2021-08-27T02:00:01Z,216,3.6,False,456,12,1,https://www.youtube.com/watch?v=9I_xaqg1QeQ,24700,811,PF248279,"창작공감: 작가, 모든",연극,홍익대 대학로 아트센터 소극장,2024-10-03,2024-10-27,,,
0nY5mG_SuW0,"""미래에 대한 도전이다.""🔮| 국립극단 창작공감","💡
""나에게 창작공감이란 미래에 대한 도전이다.""
2022 참여 연출가 한민규

-
📍국립극단 2023 [창작공감: 작가, 연출] 공모

동시대 창작극 개발을 위한 [창작공감: 작가, 연출]에 새롭게 함께 할 작가 및 연출가를 찾습니다.

✔️다양한 동시대 담론을 탐구하는 희곡 집필 계획을 가진 작가

✔️’과학기술과 예술'을 주제로 창작연극 제작 계획을 가진 연출가

✔️나이 제한 없음

✔️2024 국립극단 레퍼토리 제작을 위한 작품개발 과정

-

📍접수기간

[창작공감: 작가] ~3월 29일(수) 18시까지
🔗bit.ly/3ZvviRD

[창작공감: 연출] ~3월 29일(수) 18시까지
🔗bit.ly/3ZosllJ

2023 [창작공감] FAQ
🔗bit.ly/3EIOiEg

🏠 자세한 사항 홈페이지 확인
#국립극단 #연극 #창작공감 #작가 #연출",UC-2Nn7WrZJkx1m-g_Y0Gf2Q,국립극단,2023-02-23T05:00:00Z,323,5.38,False,853,17,0,https://www.youtube.com/watch?v=0nY5mG_SuW0,24700,811,PF248279,"창작공감: 작가, 모든",연극,홍익대 대학로 아트센터 소극장,2024-10-03,2024-10-27,,,
XxJoQhI--BM,"""나에게 창작공감이란 푹신푹신한 침대다.""  🛌l 국립극단 창작공감","💡
""나에게 창작공감이란 푹신푹신한 침대다.""
2022 참여 작가 이소연

-
📍국립극단 2023 [창작공감: 작가, 연출] 공모

동시대 창작극 개발을 위한 [창작공감: 작가, 연출]에 새롭게 함께 할 작가 및 연출가를 찾습니다.

✔️다양한 동시대 담론을 탐구하는 희곡 집필 계획을 가진 작가

✔️’과학기술과 예술'을 주제로 창작연극 제작 계획을 가진 연출가

✔️나이 제한 없음

✔️2024 국립극단 레퍼토리 제작을 위한 작품개발 과정

-

📍접수기간

[창작공감: 작가] ~3월 29일(수) 18시까지
🔗bit.ly/3ZvviRD

[창작공감: 연출] ~3월 29일(수) 18시까지
🔗bit.ly/3ZosllJ

2023 [창작공감] FAQ
🔗bit.ly/3EIOiEg

🏠 자세한 사항 홈페이지 확인
#국립극단 #연극 #창작공감 #작가 #연출",UC-2Nn7WrZJkx1m-g_Y0Gf2Q,국립극단,2023-02-23T05:00:23Z,346,5.77,False,564,15,0,https://www.youtube.com/watch?v=XxJoQhI--BM,24700,811,PF248279,"창작공감: 작가, 모든",연극,홍익대 대학로 아트센터 소극장,2024-10-03,2024-10-27,,,
cKAQ3fsRi6U,"방송작가, 좋은 콘텐츠가 나오려면 무엇이 중요할까? (너때말 모먼트 I 콘텐츠 특집 #8 #Shorts)","콘텐츠 특집 너때말 모먼트! 콘텐츠 특집에서도 흥미로운 부분들만 쏙쏙 뽑았다! 더 많은 내용이 궁금하다면 쇼츠 뒤 카드를 클릭하여 본편을 시청하세요!

#방송작가 #작가 #허영만 #식객허영만의백반기행 #콘텐츠 #경험 #제작 #유지원

-------------------------------------------

월화목금요일: 너 때는 말이야! 
교수님/입학사정관/전문가께서 설명하는 연구, 대학, 학과, 회사 이야기

수요일: 우리 때는 말이야! 
재학생이 말하는 학과/입학 준비 이야기

토일요일: 너 때는 말이지(Easy)! 
너때말 선생님이 설명하는 4차 산업혁명/인생 이야기",UCZeaQ9nFJA42NlfMqTyY_gQ,너때는말이야!,2022-03-07T09:00:15Z,52,0.87,True,324,10,0,https://www.youtube.com/watch?v=cKAQ3fsRi6U,2230,460,PF248279,"창작공감: 작가, 모든",연극,홍익대 대학로 아트센터 소극장,2024-10-03,2024-10-27,,,
tbMdBuY8o-o,창작공감 연출가들에게 #무엇이든물어보세요! 🎤 l 창작공감: 연출,"저희 지금 뭐하고 있냐구요? 🔒🔓

2021 [창작공감: 연출]에 참여하고 있는 
세 연출가와 배우들을 만나봤습니다!

작품이 만들어지는 과정을 공유하고 싶은 그들에게
여러분이 궁금할 것 같은 그 질문! 
미리 물어보고왔어요🎤

✔무엇이든 물어보세요 – 창작공감: 연출 편 

00:46 공연 제목이 뭐예요?
01:42 작품에 영감을 준 가장 결정적인 계기는?
02:21 관객들에게 전하고 싶은 메시지는?
02:46 작품 개발 과정을 다섯 글자로 표현해주세요!
03:09 작품 개발 과정에서 내 역할은 OOO이었다!
03:40 관객 여러분께 하고 싶은 말!

※본 콘텐츠는 방역지침을 준수하여 제작했습니다.

_
[창작공감: 연출 창작과정공유]
2021. 11. 19.(금) ~ 12. 5.(일)
이진엽 연출 '커뮤니티 대소동'
강보름 연출 '소극장판-타지'
김미란 연출 '이것은 어쩌면 실패담, 원래 제목은 인투디언노운(미지의 세계로, 엘사 아님)'
🏠세부정보 https://bit.ly/3wVs5xv
※본 공연은 창작극 개발을 위한 창작과정공유 발표이며, 세부내용 및 예약은 순차 오픈됩니다.

국립극단 작품개발사업 [창작공감]
🏠세부정보 https://bit.ly/3oWDVn7

#국립극단 #연극 #창작공감 #연출 #창작과정공유 #강보름 #김미란 #이진엽 #미니인터뷰 #무엇이든물어보세요 #무물 #NationalTheaterCompanyofKorea​ #NTCK​",UC-2Nn7WrZJkx1m-g_Y0Gf2Q,국립극단,2021-11-17T09:01:48Z,283,4.72,False,702,21,0,https://www.youtube.com/watch?v=tbMdBuY8o-o,24700,811,PF248279,"창작공감: 작가, 모든",연극,홍익대 대학로 아트센터 소극장,2024-10-03,2024-10-27,,,
BMDRO9DcNo8,"2023 [창작공감: 연출] 짧터뷰 | 김연민, 장한새","🎞
2023 [창작공감] 참여 연출가
홍보 촬영 스케치 with 짧터뷰 👀💨

#2023_창작공감_연출가_✨
#홍보촬영_현장_스케치에_인터뷰_한스쿱

그들이 말하는 과학기술과 예술.
연극과 그들, 그리고 하고 싶은 말.

➰ 사소한 것들의 기록
➰ 비인간과 인간이 공존하는 세상

#우리는_국립극단에서_창작공감_합니다
#2023 #창작공감 #연출가 #국립극단",UC-2Nn7WrZJkx1m-g_Y0Gf2Q,국립극단,2023-09-06T06:00:06Z,91,1.52,False,592,15,1,https://www.youtube.com/watch?v=BMDRO9DcNo8,24700,811,PF248279,"창작공감: 작가, 모든",연극,홍익대 대학로 아트센터 소극장,2024-10-03,2024-10-27,,,
91GQZJ64Cew,2023 [창작공감: 연출] 백스테이지 TEASER | 신효진 작가,"🎒

2023 [창작공감] 참여 작가 #신효진
백스테이지 BAG STAGE : 무대 뒤의 가방을 열다
COMING SOON

#우리는_국립극단에서_창작공감_합니다
#2023 #창작공감 #작가 #국립극단
#왓츠인마이백 #백스테이지",UC-2Nn7WrZJkx1m-g_Y0Gf2Q,국립극단,2023-11-20T02:00:06Z,21,0.35,True,963,12,0,https://www.youtube.com/watch?v=91GQZJ64Cew,24700,811,PF248279,"창작공감: 작가, 모든",연극,홍익대 대학로 아트센터 소극장,2024-10-03,2024-10-27,,,
tScHLFyntCM,"연출가 김미란 ""다른 이의 세계로 들어가는 것"" l 창작공감: 연출","'당신의 계획에 국립극단이 함께하고 싶습니다'
국립극단 작품개발사업 [창작공감]

💡 [창작공감: 연출] 김미란
""다른 이의 세계로 들어간다는 것이다""

✔연출가의 발걸음을 따라나가는 과정
작품의 방향성을 찾기 위해 다양한 리서치와 스터디를 하고 있는
[창작공감: 연출]의 연출가들을 찾아가 봤습니다🔍
작품개발의 여정을 영상으로 함께해보세요! 

※본 콘텐츠는 방역지침을 준수하여 제작했습니다.
_
국립극단 작품개발사업 [창작공감]
🏠세부정보 https://bit.ly/3oWDVn7

#국립극단 #창작공감 #연극 #창작공감연출 #연출 #연출가 #김미란 #작품개발팀
#NationalTheaterCompanyofKorea​ #NTCK​",UC-2Nn7WrZJkx1m-g_Y0Gf2Q,국립극단,2021-09-14T02:00:08Z,260,4.33,False,734,28,2,https://www.youtube.com/watch?v=tScHLFyntCM,24700,811,PF248279,"창작공감: 작가, 모든",연극,홍익대 대학로 아트센터 소극장,2024-10-03,2024-10-27,,,
DS0rkCFML30,2023 [창작공감: 작가] 백스테이지 | 신효진 작가,"🎒🖋️

2023 [창작공감: 작가]
작가 #신효진 인터뷰🎙

백스테이지 BAG STAGE : 무대 뒤의 가방을 열다

#우리는_국립극단에서_창작공감_합니다
#2023 #창작공감 #작가 #국립극단
#왓츠인마이백 #백스테이지",UC-2Nn7WrZJkx1m-g_Y0Gf2Q,국립극단,2023-11-22T02:00:09Z,466,7.77,False,685,32,5,https://www.youtube.com/watch?v=DS0rkCFML30,24700,811,PF248279,"창작공감: 작가, 모든",연극,홍익대 대학로 아트센터 소극장,2024-10-03,2024-10-27,,,
ReGxY8qmmPc,2023 [창작공감: 작가] 백스테이지 | 박지선 작가,"🎒🖋️

2023 [창작공감: 작가]
작가 #박지선 인터뷰🎙

백스테이지 BAG STAGE : 무대 뒤의 가방을 열다

#우리는_국립극단에서_창작공감_합니다
#2023 #창작공감 #작가 #국립극단
#왓츠인마이백 #백스테이지",UC-2Nn7WrZJkx1m-g_Y0Gf2Q,국립극단,2023-11-21T05:00:13Z,426,7.1,False,844,33,7,https://www.youtube.com/watch?v=ReGxY8qmmPc,24700,811,PF248279,"창작공감: 작가, 모든",연극,홍익대 대학로 아트센터 소극장,2024-10-03,2024-10-27,,,
IA2xePtUe-I,🚪 연극 ‘모든’ | 티저 영상,"🚪

아가야, 넌 반드시 우리에게
문을 찾아줄 수 있을 거다.

𝐓𝐄𝐀𝐒𝐄𝐑 𝐓𝐑𝐀𝐈𝐋𝐄𝐑

-
[창작공감: 작가] '모든'

🎟티켓 예매 개시일 안내

✔9월 2일(월) 14시 유료회원

✔9월 4일(수) 14시 일반

※ 예매처: 국립극단, 인터파크

-
📍공연정보

■ 공연시간: 평일 19시 30분 / 토·일 15시(월 공연 없음)
* 10월 3일(목) 개천절, 10월 9일(수) 한글날 19시 30분

■ 소요시간: 110분(인터미션 없음 / 변경될 수 있음)

■ 관람연령: 12세 이상 관람가(2012년 12월 31일 출생자까지)

🏠자세한 사항 홈페이지 확인

-
[창작공감: 작가] '모든'

작 신효진 | 연출 김 정

출연 강민지 류혜린 안병식 이미숙 이상은 최희진

2024년 10월 3일 - 10월 27일

홍익대 대학로 아트센터 소극장

-
#국립극단 #연극 #창작공감 #작가 #모든 #연극모든 #홍익대대학로아트센터소극장",UC-2Nn7WrZJkx1m-g_Y0Gf2Q,국립극단,2024-08-30T05:00:11Z,24,0.4,True,1889,20,3,https://www.youtube.com/watch?v=IA2xePtUe-I,24700,811,PF248279,"창작공감: 작가, 모든",연극,홍익대 대학로 아트센터 소극장,2024-10-03,2024-10-27,,,
Q3yg_mbU04A,"연출가 이진엽 ""미로에 막힌 골목들을 방문하는 시간"" l 창작공감: 연출","'당신의 계획에 국립극단이 함께하고 싶습니다'
국립극단 작품개발사업 [창작공감]

💡 [창작공감: 연출] 이진엽
""미로에 막힌 골목들을 다 한번씩 방문해보는 시간을 갖고 있어요""

✔연출가의 발걸음을 따라나가는 과정
작품의 방향성을 찾기 위해 다양한 리서치와 스터디를 하고 있는
[창작공감: 연출]의 연출가들을 찾아가 봤습니다🔍
작품개발의 여정을 영상으로 함께해보세요! 

※본 콘텐츠는 방역지침을 준수하여 제작했습니다.

_
국립극단 작품개발사업 [창작공감]
🏠세부정보 https://bit.ly/3oWDVn7

#국립극단 #창작공감 #연극 #창작공감연출 #연출 #연출가 #이진엽 #작품개발팀
#NationalTheaterCompanyofKorea​ #NTCK​",UC-2Nn7WrZJkx1m-g_Y0Gf2Q,국립극단,2021-09-14T02:00:05Z,155,2.58,False,338,11,0,https://www.youtube.com/watch?v=Q3yg_mbU04A,24700,811,PF248279,"창작공감: 작가, 모든",연극,홍익대 대학로 아트센터 소극장,2024-10-03,2024-10-27,,,
di859L4HM6Y,서로 다른 언어를 사용하는 두 배우의 창작과정 코멘터리 👩‍💻🧑‍💻 l 창작공감: 연출,"[창작공감: 연출] 본 공연 – 이것은 어쩌면 실패담, 원래 제목은 인투디언노운(미지의 세계로, 엘사 아님) 

본 공연 관람 전! 몸풀기로 가져왔습니다!
서로 다른 언어를 사용하는 두 배우의 
[창작공감: 연출] 창작과정공유 영상 코멘터리 👩‍💻🧑‍💻

※본 영상은 방역지침을 준수하여 제작하였습니다.

_
[창작공감: 연출] 본 공연 - 이것은 어쩌면 실패담, 원래 제목은 인투디언노운(미지의 세계로, 엘사 아님)
구성·연출 김미란
출연 박지영(농인 배우), 이원준(청인 배우)
2022.03.12.-2022.03.20. 
국립극단 소극장 판
🏠세부정보&예매하기 https://bit.ly/3IFSODb

국립극단 작품개발사업 [창작공감]
🏠세부정보 https://bit.ly/3oWDVn7

#국립극단 #연극 #이것은어쩌면실패담 #김미란 #박지영 #이원준 #창작공감 #창작공감연출 #NationalTheaterCompanyofKorea​ #NTCK​",UC-2Nn7WrZJkx1m-g_Y0Gf2Q,국립극단,2022-03-11T05:30:09Z,187,3.12,False,1443,42,2,https://www.youtube.com/watch?v=di859L4HM6Y,24700,811,PF248279,"창작공감: 작가, 모든",연극,홍익대 대학로 아트센터 소극장,2024-10-03,2024-10-27,,,
TLTXwmDsw_E,국립극단 창작공감 연극 몬순 2023,,UC2uMcg53CACGVpWv9chjDkA,Sunny Yeo 여승희,2023-07-09T14:23:11Z,21,0.35,True,213,,0,https://www.youtube.com/watch?v=TLTXwmDsw_E,34,33,PF248279,"창작공감: 작가, 모든",연극,홍익대 대학로 아트센터 소극장,2024-10-03,2024-10-27,,,
CY6hEXoXwH4,김미란 연출가 '이것은 어쩌면 실패담...' 💡 본 공연을 앞두고 l 창작공감: 연출,"국립극단 작품개발사업 [창작공감: 연출]
창작과정공유를 거쳐 본 공연을 앞두고 있는 지금!

김미란 연출가의 '이것은 어쩌면 실패담, 원래 제목은 인투디언노운(미지의 세계로, 엘사 아님)' 💡
마지막 과정기록영상을 통해,
그리고 객석에서, 끝까지 함께해주세요! 

※본 콘텐츠는 방역지침을 준수하여 제작했습니다.
_
[창작공감: 연출] 본 공연 - 이것은 어쩌면 실패담, 원래 제목은 인투디언노운(미지의 세계로, 엘사 아님)
2022.03.12.-2022.03.20. 
국립극단 소극장 판
🏠세부정보&예매하기 https://bit.ly/3IFSODb

국립극단 작품개발사업 [창작공감]
🏠세부정보 https://bit.ly/3oWDVn7

#국립극단 #연극 #이것은어쩌면실패담 #김미란 #창작공감 #창작공감연출 #연출가 #NationalTheaterCompanyofKorea​ #NTCK​",UC-2Nn7WrZJkx1m-g_Y0Gf2Q,국립극단,2022-03-14T02:00:01Z,527,8.78,False,1006,24,1,https://www.youtube.com/watch?v=CY6hEXoXwH4,24700,811,PF248279,"창작공감: 작가, 모든",연극,홍익대 대학로 아트센터 소극장,2024-10-03,2024-10-27,,,
ENb_JGrUIls,"김화진 : ""제가 창작을 시작한 건...""","한국문학의 현재와 미래를 조감하는 '2024 젊은작가포럼 - 문학적'의 [세션 1_첫만남] 쇼츠입니다.

김복희, 김화진, 손보미 작가가 참여하고 강동호 평론가가 사회를 맡았으며 작가분들의 문학적 삶의 토대가 되어준 강렬한 첫만남에 대해 들으실 수 있습니다.

쇼츠와 연결된 영상을 통해 해당 세션 전체를 시청하실 수 있습니다.

일시: 2024년 10월 25일(금) 
장소: 커뮤니티하우스 마실
작가: 김복희, 김화진, 손보미
사회: 강동호

주최 : 대산문화재단│교보문고

본 콘텐츠의 저작권은 '대산문화재단'에 있습니다. 본 콘텐츠의 영상, 이미지, 오디오 등의 불법 다운로드 및 무단 사용 등의 행위는 법적으로 금지되어 있습니다. Copyright 2025. 대산문화재단 All rights reserved.

#shorts #젊은작가포럼 #김복희 #김화진 #손보미 #문학 #책 #독서",UCdI_Zfhox-HtnsnpQs10K6Q,대산문화재단,2025-06-30T08:24:55Z,47,0.78,True,4639,63,0,https://www.youtube.com/watch?v=ENb_JGrUIls,5610,198,PF248279,"창작공감: 작가, 모든",연극,홍익대 대학로 아트센터 소극장,2024-10-03,2024-10-27,,,
GLp_bLUEYa4,🚨 정퇴 실패 현장 🚨 공연은 보장이 돼... | 연극 ‘은의 혀’,"🐸

오늘 몇 시까지 연습하실 거예요? 🤔
돌아오는 대답은 슬프지만, 공연은 보장이 돼…

#그래도_정시_퇴근을_응원합니다
#모두의_퇴근을_응원합니다_🙏

-
📍 [창작공감: 작가] '은의 혀'

✔ 예매처: 국립극단, 인터파크

✔ 대학생 및 청소년 40%

✔ 삼삼오오 30%

✔ 문화릴레이 20%

-
[창작공감: 작가] '은의 혀'

작 박지선 | 연출 윤혜숙

출연 강혜련 이경민 이지현 이후징 정다연

2024년 8월 15일 - 9월 8일

홍익대 대학로 아트센터 소극장

-
#국립극단 #은의혀 #창작공감 #작가 #박지선 #윤혜숙 #강혜련 #이경민 #이지현 #이후징 #정다연 #홍익대대학로아트센터소극장",UC-2Nn7WrZJkx1m-g_Y0Gf2Q,국립극단,2024-08-08T05:00:15Z,35,0.58,True,4490,51,0,https://www.youtube.com/watch?v=GLp_bLUEYa4,24700,811,PF248279,"창작공감: 작가, 모든",연극,홍익대 대학로 아트센터 소극장,2024-10-03,2024-10-27,,,
_b263iVojY8,🐸 연극 ‘은의 혀’ | 티저 영상,"🐸

내 오지랖이야 오대양 육대륙이지.

COMING SOON

-
[창작공감: 작가] '은의 혀'

작 박지선 | 연출 윤혜숙

#국립극단 #연극 #창작공감 #작가 #은의혀 #홍익대대학로아트센터소극장",UC-2Nn7WrZJkx1m-g_Y0Gf2Q,국립극단,2024-07-03T05:00:21Z,16,0.27,True,824,13,0,https://www.youtube.com/watch?v=_b263iVojY8,24700,811,PF248279,"창작공감: 작가, 모든",연극,홍익대 대학로 아트센터 소극장,2024-10-03,2024-10-27,,,
umueqocStGU,2023 [창작공감: 연출] 백스테이지 TEASER | 박지선 작가,"🎒

2023 [창작공감] 참여 작가 #박지선
백스테이지 BAG STAGE : 무대 뒤의 가방을 열다
COMING SOON

#우리는_국립극단에서_창작공감_합니다
#2023 #창작공감 #작가 #국립극단
#왓츠인마이백 #백스테이지",UC-2Nn7WrZJkx1m-g_Y0Gf2Q,국립극단,2023-11-20T02:00:18Z,32,0.53,True,1224,9,0,https://www.youtube.com/watch?v=umueqocStGU,24700,811,PF248279,"창작공감: 작가, 모든",연극,홍익대 대학로 아트센터 소극장,2024-10-03,2024-10-27,,,
OkEydci9fjk,"절대 공감, 조명섭 어록 꿈은 이루는 것/ 서예작품 창작현장/ 삶은 날마다 창작/ 서예창작 쉽게 하기/서툴지만 좋은 작품이란?/ 서예가의 가수 이야기","꿈은 그리는 것이 아니라 실천하여 이루는 것입니다. 
창착 서예를 지향하는 손 작가 창작 실천 현장입니다.
#창작서예 #서예창작현장 #알기쉬운창작",UC_hqCu11i-mElC98loEYoig,손작가의 창작 포인트,2020-07-05T15:29:37Z,289,4.82,False,1393,211,50,https://www.youtube.com/watch?v=OkEydci9fjk,16100,370,PF248279,"창작공감: 작가, 모든",연극,홍익대 대학로 아트센터 소극장,2024-10-03,2024-10-27,,,
